{

"AICShortDescription": {

  "German": "Diese AIC Datei verstärkt die Wirtschaft und die allgemeine Effektivität im Kampf, aller KI Lords.

		Allgemeine Änderungen:
			-mehr Steinbrüche, Eisenminen bzw. Pechgruben für jede KI
			-angepasste Beliebtheiten, sodass die KI früher auf Schwankungen reagieren kann
			-angepasste Steuern; größere Spanne
			-mehr Gebäude Vielfalt; z.B. mehr Farmen
			-erhöhte maximale Resourcen
			-angepasste Verkaufsoptionen
			-geänderte Waffenproduktionen
			-erhöhte Truppenstärke im Angriff und der Verteidigung
			-mehr Truppenvielfalt
			-mehr Belagerungsgeräte Nutzung
	",

  "English": "This AIC file improfe the economy and the common effectivity in the battle, of all the AI Lords.",
  
  "Polish": "",
  
  "Russian": "",
  
  "Chinese": ""

  },

"AICLongDescription": {

  "German": "Folgende Zusätze und Änderungen wurden an den KI's explizit vorgenommen:
		
		Ratte:
			-kritische Popularität von 4000 auf 4900 gesetzt
			-Baut Apfelfarmen und Käsereien
			-Bevölkerung pro Steinbruch von 18 auf 15 gesetzt
			-Bevölkerung pro Eisenmine von 0 auf 18 gesetzt
			-Bevölkerung pro Pechgrube von 0 auf 18 gesetzt
			-baut 2 Steinbrüche, anstatt 1 Steinbruch
			-maximum von 6 auf 7 Farmen erhöht
			-Käse und Äpfel als Nahrungsmittel
				->mindestens 10 Äpfel
				->mindestens 5 Käse
			-Handelsmenge von Ausrüstung von 2 auf 3 gesetzt
			-kann schneller Güter handeln (Wert von 18 auf 5 gesetzt)
			-doppelte Rationen Limit von 0 auf 50 Nahrungsmittel angehoben
			-maximale Steinvorräte von 40 auf 45 erhöht
			-aktive Patroullien von 1 auf 2 erhöht
			-angepasste Rekrutierungspriorisierung
				->Rekrutierung der Verteidigungstruppen, voreingestellt von 0 auf 10 erhöht
				->Rekrutierung der Verteidigungstruppen, stark von 0 auf 5 erhöht
				->Rekrutierung der Überfalltruppen, voreingestellt von 50 auf 40 gesetzt
				->Rekrutierung der Überfalltruppen, stark von 0 auf 5 gesetzt
				->Rekrutierung der Angriffstruppen, stark von 100 auf 90 gesetzt
			-mindestens 3 anstatt 5 Bogenschützen Kontereinheiten
			-mindestens 4 anstatt 6 Speerkämpfer Kontereinheiten
			-Anzahl der Speerkämpfer zum bauen des Wassergrabens von 0 auf 5 gesetzt
			-Anzahl der Verteidigungseinheiten von 30 auf 80 angehoben
			-Pattroulieren von Truppen aktiviert
			-Speerkämpfer, Bogen- und Schleuderschützen als Verteidigungseinheiten
			-Anzahl der Überfalleinheiten von 10 auf 15 gesetzt
			-Tolleranz der Überfalleinheiten von 15 auf 10 gesetzt
			-Speerkämpfer, Bogen- und Schleuderschützen als Überfalleinheiten
			-Anzahl der Störeinheiten (Katapulte) von 0 auf 2 gesetzt
			-Anzahl der Angriffstruppen von 20 auf 40 erhöht
			-Tolleranz der Angriffstruppen von 10 auf 20 erhöht
			-Belagerungsgeräte: Katapulte und Schilde
			-Kühe als Wurfgeschosse, Interval von 1000 auf 10 gesetzt
			-Anzahl der Baumeister in Angriff von 0 auf 10 erhöht
			-maximale Anzahl an Angriffstruppen, die den Burggraben aufbuddeln von 20 auf 30 gesetzt
			-Anzahl der Bogenschützen als zweite Angriffseinheit von 0 auf 20 gesetzt
			-4 Leiterträger
			-Anzahl der Bogenschützen Patroullien im Angriff von 0 auf 15 gesetzt
				->1 Patroullie im Angriff
			-Anzahl der Reserve Bogenschützen von 16 auf 25 erhöht
			-20 Speerkämpfer Einheiten zum Gegenangriff
			-Anzahl der Speerkämpfer zur Bewachung der Belagerungsgeräte von 0 auf 15 gesetzt
				->1 Gruppe zur bewachung der Belagerungsgeräte
			-Bogenschützen als Angriffseinheiten zusätzlich zu den Speerkämpfern
			-Maximale Truppenzahl von 200 auf 3000 erhöht
		
		Schlange:
			-Baut Apfelfarmen und Käsereien
			-3 Steinbrüche
			-2 Pechgruben
			-kann schneller Güter handeln
			-Speerkämpfer, Bogen- und Schleuderschützen in der Verteidigung
			-Sklaven, Speerkämpfer, Bogen- und Schleuderschützen als Überfalleinheiten
			-Störeinheiten: Katapulte und Feuerballiste
			-Belagerungsgeräte: Katapulte, Feuerballiste, Schilde und ein Belagerungsturm
			-Kühe als Belagerungswaffen
			-Assassine und Sklaven zusätzlich im Angriff
		Schwein:
			-Baut Apfelgärten und Hopfenfelder
			-4 Steinbrüche
			-11 Holzfäller
			-Hopfenfelder hinzugefügt
			-Speerkämpfer zum bauen des Wassergrabens hinzugefügt
			-Schleuderschützen in der Verteidigung
			-Schleuderschützen und Streitkolbenkämpfer als Überfalleinheiten
			-Schilde als zusätzliche Belagerungseinheiten
			-Speerkämpfer und Schleuderschützen zusätzlich im Angriff
		Wolf:
			-Baut Getreidefarmen
			-5 Eisenminen
			-4 Pechgruben
			-12 Farmen
			-Schmiede produzieren Streitkolben und Schwerter
			-Arab. Bogenschützen und Feuerwerfer in der Verteidigung
			-Ritter und Assassine als Überfalleinheiten
			-Störeinheiten: Katapulte und Feuerballiste
			-Belagerungsturm und Rammbock zusätzlich als Belagerungseinheiten
			-Assassine, Tunnelgräber, Bogenschützen und Streitkolbenkämpfer zusätzlich im Angriff
		Saladin:
		Kalif
		Sultan
		Richard
		Friedrich
		Phillip
		Wazir
		Emir
		Nizar
		Sheriff
		Marschal
		Abbot
	",

  "English": "",
		
  "Polish": "",

  "Russian": "",

  "Chinese": ""

  },

	"AICharacters": [
		{
			"Name": "Rat",
			"CustomName": "",
			"Personality": {

				"Unknown000": 12,
				"Unknown001": 0,
				"Unknown002": 0,
				"Unknown003": 0,
				"Unknown004": 0,
				"Unknown005": 0,
				"CriticalPopularity": 4900,
				"LowestPopularity": 5500,
				"HighestPopularity": 7500,
				"TaxesMin": 1,
				"TaxesMax": 10,
				"Unknown011": 20,
				"Farm1": "DairyFarm",
				"Farm2": "AppleFarm",
				"Farm3": "AppleFarm",
				"Farm4": "AppleFarm",
				"Farm5": "AppleFarm",
				"Farm6": "AppleFarm",
				"Farm7": "None",
				"Farm8": "None",
				"PopulationPerFarm": 6,
				"PopulationPerWoodcutter": 8,
				"PopulationPerQuarry": 15,
				"PopulationPerIronmine": 18,
				"PopulationPerPitchrig": 18,
				"MaxQuarries": 2,
				"MaxIronmines": 1,
				"MaxWoodcutters": 6,
				"MaxPitchrigs": 1,
				"MaxFarms": 7,
				"BuildInterval": 1,
				"ResourceRebuildDelay": 10,
				"MaxFood": 100,
				"MinimumApples": 10,
				"MinimumCheese": 5,
				"MinimumBread": -1,
				"MinimumWheat": -1,
				"MinimumHop": -1,
				"TradeAmountFood": 10,
				"TradeAmountEquipment": 3,
				"Unknown040": 5,
				"MinimumGoodsRequiredAfterTrade": 0,
				"DoubleRationsFoodThreshold": 50,
				"MaxWood": 30,
				"MaxStone": 45,
				"MaxResourceOther": 20,
				"MaxEquipment": 20,
				"MaxBeer": 20,
				"MaxResourceVariance": 5,
				"RecruitGoldThreshold": 200,
				"BlacksmithSetting": "Swords",
				"FletcherSetting": "Bows",
				"PoleturnerSetting": "Spears",
				"SellResource01": "None",
				"SellResource02": "Hop",
				"SellResource03": "Iron",
				"SellResource04": "Pitch",
				"SellResource05": "Wheat",
				"SellResource06": "Beer",
				"SellResource07": "Flour",
				"SellResource08": "None",
				"SellResource09": "Crossbows",
				"SellResource10": "None",
				"SellResource11": "Pikes",
				"SellResource12": "Maces",
				"SellResource13": "Swords",
				"SellResource14": "LeatherArmors",
				"SellResource15": "IronArmors",
				"DefWallPatrolRallyTime": 20,
				"DefWallPatrolGroups": 2,
				"DefSiegeEngineGoldThreshold": 200,
				"DefSiegeEngineBuildDelay": 20,
				"Unknown072": 800,
				"Unknown073": 80,
				"RecruitProbDefDefault": 10,
				"RecruitProbDefWeak": 50,
				"RecruitProbDefStrong": 5,
				"RecruitProbRaidDefault": 40,
				"RecruitProbRaidWeak": 50,
				"RecruitProbRaidStrong": 5,
				"RecruitProbAttackDefault": 50,
				"RecruitProbAttackWeak": 0,
				"RecruitProbAttackStrong": 90,
				"SortieUnitRangedMin": 3,
				"SortieUnitRanged": "EuropArcher",
				"SortieUnitMeleeMin": 4,
				"SortieUnitMelee": "Spearman",
				"DefDiggingUnitMax": 5,
				"DefDiggingUnit": "Spearman",
				"RecruitInterval": 1,
				"RecruitIntervalWeak": 1,
				"RecruitIntervalStrong": 1,
				"DefTotal": 80,
				"OuterPatrolGroupsCount": 2,
				"OuterPatrolGroupsMove": "True",
				"OuterPatrolRallyDelay": 10,
				"DefWalls": 80,
				"DefUnit1": "Spearman",
				"DefUnit2": "Spearman",
				"DefUnit3": "EuropArcher",
				"DefUnit4": "EuropArcher",
				"DefUnit5": "EuropArcher",
				"DefUnit6": "EuropArcher",
				"DefUnit7": "Slinger",
				"DefUnit8": "None",
				"RaidUnitsBase": 15,
				"RaidUnitsRandom": 10,
				"RaidUnit1": "Spearman",
				"RaidUnit2": "Spearman",
				"RaidUnit3": "EuropArcher",
				"RaidUnit4": "Slinger",
				"RaidUnit5": "None",
				"RaidUnit6": "None",
				"RaidUnit7": "None",
				"RaidUnit8": "None",
				"HarassingSiegeEngine1": "Catapult",
				"HarassingSiegeEngine2": "None",
				"HarassingSiegeEngine3": "None",
				"HarassingSiegeEngine4": "None",
				"HarassingSiegeEngine5": "None",
				"HarassingSiegeEngine6": "None",
				"HarassingSiegeEngine7": "None",
				"HarassingSiegeEngine8": "None",
				"HarassingSiegeEnginesMax": 2,
				"Unknown124": 3,
				"AttForceBase": 40,
				"AttForceRandom": 20,
				"AttForceSupportAllyThreshold": 15,
				"AttForceRallyPercentage": 50,
				"Unknown129": 100,
				"Unknown130": 0,
				"AttUnitPatrolRecommandDelay": 25,
				"Unknown132": 20,
				"SiegeEngine1": "Catapult",
				"SiegeEngine2": "Shield",
				"SiegeEngine3": "Shield",
				"SiegeEngine4": "Catapult",
				"SiegeEngine5": "Shield",
				"SiegeEngine6": "Shield",
				"SiegeEngine7": "Shield",
				"SiegeEngine8": "Shield",
				"CowThrowInterval": 10,
				"Unknown142": 0,
				"AttMaxEngineers": 10,
				"AttDiggingUnit": "Spearman",
				"AttDiggingUnitMax": 30,
				"AttUnit2": "EuropArcher",
				"AttUnit2Max": 20,
				"AttMaxAssassins": 0,
				"AttMaxLaddermen": 4,
				"AttMaxTunnelers": 0,
				"AttUnitPatrol": "EuropArcher",
				"AttUnitPatrolMax": 15,
				"AttUnitPatrolGroupsCount": 1,
				"AttUnitBackup": "EuropArcher",
				"AttUnitBackupMax": 25,
				"AttUnitBackupGroupsCount": 1,
				"AttUnitEngage": "Spearman",
				"AttUnitEngageMax": 20,
				"AttUnitSiegeDef": "Spearman",
				"AttUnitSiegeDefMax": 15,
				"AttUnitSiegeDefGroupsCount": 1,
				"AttUnitMain1": "Spearman",
				"AttUnitMain2": "Spearman",
				"AttUnitMain3": "EuropArcher",
				"AttUnitMain4": "None",
				"AttMaxDefault": 3000,
				"AttMainGroupsCount": 1,
				"TargetChoice": "Player"
			}
		},
		
		{
			"Name": "Snake",
			"CustomName": "",
			"Personality": {

				"Unknown000": 12,
				"Unknown001": 0,
				"Unknown002": 0,
				"Unknown003": 0,
				"Unknown004": 0,
				"Unknown005": 0,
				"CriticalPopularity": 4900,
				"LowestPopularity": 5500,
				"HighestPopularity": 8000,
				"TaxesMin": 1,
				"TaxesMax": 11,
				"Unknown011": 15,
				"Farm1": "AppleFarm",
				"Farm2": "DairyFarm",
				"Farm3": "AppleFarm",
				"Farm4": "DairyFarm",
				"Farm5": "AppleFarm",
				"Farm6": "None",
				"Farm7": "None",
				"Farm8": "None",
				"PopulationPerFarm": 5,
				"PopulationPerWoodcutter": 5,
				"PopulationPerQuarry": 10,
				"PopulationPerIronmine": 15,
				"PopulationPerPitchrig": 12,
				"MaxQuarries": 3,
				"MaxIronmines": 1,
				"MaxWoodcutters": 10,
				"MaxPitchrigs": 2,
				"MaxFarms": 11,
				"BuildInterval": 2,
				"ResourceRebuildDelay": 12,
				"MaxFood": 150,
				"MinimumApples": 15,
				"MinimumCheese": 15,
				"MinimumBread": -1,
				"MinimumWheat": -1,
				"MinimumHop": -1,
				"TradeAmountFood": 10,
				"TradeAmountEquipment": 5,
				"Unknown040": 10,
				"MinimumGoodsRequiredAfterTrade": 10,
				"DoubleRationsFoodThreshold": 80,
				"MaxWood": 50,
				"MaxStone": 45,
				"MaxResourceOther": 15,
				"MaxEquipment": 12,
				"MaxBeer": 5,
				"MaxResourceVariance": 5,
				"RecruitGoldThreshold": 200,
				"BlacksmithSetting": "Swords",
				"FletcherSetting": "Bows",
				"PoleturnerSetting": "Spears",
				"SellResource01": "None",
				"SellResource02": "Hop",
				"SellResource03": "Iron",
				"SellResource04": "Pitch",
				"SellResource05": "Wheat",
				"SellResource06": "Beer",
				"SellResource07": "Flour",
				"SellResource08": "None",
				"SellResource09": "Crossbows",
				"SellResource10": "None",
				"SellResource11": "Pikes",
				"SellResource12": "Maces",
				"SellResource13": "Swords",
				"SellResource14": "LeatherArmors",
				"SellResource15": "IronArmors",
				"DefWallPatrolRallyTime": 2,
				"DefWallPatrolGroups": 4,
				"DefSiegeEngineGoldThreshold": 450,
				"DefSiegeEngineBuildDelay": 20,
				"Unknown072": 400,
				"Unknown073": 60,
				"RecruitProbDefDefault": 30,
				"RecruitProbDefWeak": 70,
				"RecruitProbDefStrong": 20,
				"RecruitProbRaidDefault": 40,
				"RecruitProbRaidWeak": 30,
				"RecruitProbRaidStrong": 40,
				"RecruitProbAttackDefault": 30,
				"RecruitProbAttackWeak": 0,
				"RecruitProbAttackStrong": 40,
				"SortieUnitRangedMin": 5,
				"SortieUnitRanged": "EuropArcher",
				"SortieUnitMeleeMin": 5,
				"SortieUnitMelee": "Spearman",
				"DefDiggingUnitMax": 20,
				"DefDiggingUnit": "Spearman",
				"RecruitInterval": 1,
				"RecruitIntervalWeak": 2,
				"RecruitIntervalStrong": 1,
				"DefTotal": 90,
				"OuterPatrolGroupsCount": 3,
				"OuterPatrolGroupsMove": "True",
				"OuterPatrolRallyDelay": 3,
				"DefWalls": 90,
				"DefUnit1": "EuropArcher",
				"DefUnit2": "EuropArcher",
				"DefUnit3": "EuropArcher",
				"DefUnit4": "Slinger",
				"DefUnit5": "Spearman",
				"DefUnit6": "None",
				"DefUnit7": "None",
				"DefUnit8": "None",
				"RaidUnitsBase": 40,
				"RaidUnitsRandom": 20,
				"RaidUnit1": "Slave",
				"RaidUnit2": "Slave",
				"RaidUnit3": "Slave",
				"RaidUnit4": "Slinger",
				"RaidUnit5": "Slinger",
				"RaidUnit6": "Spearman",
				"RaidUnit7": "EuropArcher",
				"RaidUnit8": "Spearman",
				"HarassingSiegeEngine1": "Catapult",
				"HarassingSiegeEngine2": "FireBallista",
				"HarassingSiegeEngine3": "None",
				"HarassingSiegeEngine4": "None",
				"HarassingSiegeEngine5": "None",
				"HarassingSiegeEngine6": "None",
				"HarassingSiegeEngine7": "None",
				"HarassingSiegeEngine8": "None",
				"HarassingSiegeEnginesMax": 3,
				"Unknown124": 3,
				"AttForceBase": 50,
				"AttForceRandom": 20,
				"AttForceSupportAllyThreshold": 30,
				"AttForceRallyPercentage": 60,
				"Unknown129": 100,
				"Unknown130": 0,
				"AttUnitPatrolRecommandDelay": 25,
				"Unknown132": 40,
				"SiegeEngine1": "Catapult",
				"SiegeEngine2": "FireBallista",
				"SiegeEngine3": "Catapult",
				"SiegeEngine4": "FireBallista",
				"SiegeEngine5": "Shield",
				"SiegeEngine6": "Shield",
				"SiegeEngine7": "Shield",
				"SiegeEngine8": "SiegeTower",
				"CowThrowInterval": 24,
				"Unknown142": 0,
				"AttMaxEngineers": 15,
				"AttDiggingUnit": "Spearman",
				"AttDiggingUnitMax": 40,
				"AttUnit2": "EuropArcher",
				"AttUnit2Max": 40,
				"AttMaxAssassins": 3,
				"AttMaxLaddermen": 20,
				"AttMaxTunnelers": 0,
				"AttUnitPatrol": "Slinger",
				"AttUnitPatrolMax": 20,
				"AttUnitPatrolGroupsCount": 1,
				"AttUnitBackup": "ArabArcher",
				"AttUnitBackupMax": 60,
				"AttUnitBackupGroupsCount": 1,
				"AttUnitEngage": "ArabSwordsman",
				"AttUnitEngageMax": 20,
				"AttUnitSiegeDef": "EuropArcher",
				"AttUnitSiegeDefMax": 40,
				"AttUnitSiegeDefGroupsCount": 1,
				"AttUnitMain1": "Spearman",
				"AttUnitMain2": "Spearman",
				"AttUnitMain3": "Spearman",
				"AttUnitMain4": "Slave",
				"AttMaxDefault": 3000,
				"AttMainGroupsCount": 1,
				"TargetChoice": "Balanced"
			}
		},

		{
			"Name": "Pig",
			"CustomName": "",
			"Personality": {

				"Unknown000": 12,
				"Unknown001": 0,
				"Unknown002": 0,
				"Unknown003": 0,
				"Unknown004": 0,
				"Unknown005": 0,
				"CriticalPopularity": 5000,
				"LowestPopularity": 7000,
				"HighestPopularity": 8500,
				"TaxesMin": 3,
				"TaxesMax": 12,
				"Unknown011": 20,
				"Farm1": "DairyFarm",
				"Farm2": "DairyFarm",
				"Farm3": "AppleFarm",
				"Farm4": "HopFarm",
				"Farm5": "None",
				"Farm6": "None",
				"Farm7": "None",
				"Farm8": "None",
				"PopulationPerFarm": 4,
				"PopulationPerWoodcutter": 6,
				"PopulationPerQuarry": 25,
				"PopulationPerIronmine": 10,
				"PopulationPerPitchrig": 20,
				"MaxQuarries": 4,
				"MaxIronmines": 4,
				"MaxWoodcutters": 11,
				"MaxPitchrigs": 1,
				"MaxFarms": 12,
				"BuildInterval": 3,
				"ResourceRebuildDelay": 50,
				"MaxFood": 400,
				"MinimumApples": 10,
				"MinimumCheese": 10,
				"MinimumBread": 10,
				"MinimumWheat": -1,
				"MinimumHop": 5,
				"TradeAmountFood": 5,
				"TradeAmountEquipment": 4,
				"Unknown040": 12,
				"MinimumGoodsRequiredAfterTrade": 70,
				"DoubleRationsFoodThreshold": 60,
				"MaxWood": 60,
				"MaxStone": 50,
				"MaxResourceOther": 10,
				"MaxEquipment": 10,
				"MaxBeer": 10,
				"MaxResourceVariance": 5,
				"RecruitGoldThreshold": 200,
				"BlacksmithSetting": "Maces",
				"FletcherSetting": "Crossbows",
				"PoleturnerSetting": "Spears",
				"SellResource01": "None",
				"SellResource02": "None",
				"SellResource03": "None",
				"SellResource04": "Pitch",
				"SellResource05": "Wheat",
				"SellResource06": "None",
				"SellResource07": "Flour",
				"SellResource08": "Bows",
				"SellResource09": "None",
				"SellResource10": "None",
				"SellResource11": "Pikes",
				"SellResource12": "None",
				"SellResource13": "Swords",
				"SellResource14": "None",
				"SellResource15": "IronArmors",
				"DefWallPatrolRallyTime": 10,
				"DefWallPatrolGroups": 4,
				"DefSiegeEngineGoldThreshold": 100,
				"DefSiegeEngineBuildDelay": 20,
				"Unknown072": 200,
				"Unknown073": 40,
				"RecruitProbDefDefault": 60,
				"RecruitProbDefWeak": 100,
				"RecruitProbDefStrong": 30,
				"RecruitProbRaidDefault": 0,
				"RecruitProbRaidWeak": 0,
				"RecruitProbRaidStrong": 0,
				"RecruitProbAttackDefault": 40,
				"RecruitProbAttackWeak": 0,
				"RecruitProbAttackStrong": 70,
				"SortieUnitRangedMin": 9,
				"SortieUnitRanged": "Crossbowman",
				"SortieUnitMeleeMin": 5,
				"SortieUnitMelee": "Maceman",
				"DefDiggingUnitMax": 10,
				"DefDiggingUnit": "Spearman",
				"RecruitInterval": 1,
				"RecruitIntervalWeak": 1,
				"RecruitIntervalStrong": 2,
				"DefTotal": 70,
				"OuterPatrolGroupsCount": 2,
				"OuterPatrolGroupsMove": "True",
				"OuterPatrolRallyDelay": 20,
				"DefWalls": 65,
				"DefUnit1": "Crossbowman",
				"DefUnit2": "Crossbowman",
				"DefUnit3": "Crossbowman",
				"DefUnit4": "Slinger",
				"DefUnit5": "None",
				"DefUnit6": "None",
				"DefUnit7": "None",
				"DefUnit8": "None",
				"RaidUnitsBase": 30,
				"RaidUnitsRandom": 25,
				"RaidUnit1": "Maceman",
				"RaidUnit2": "Maceman",
				"RaidUnit3": "Slinger",
				"RaidUnit4": "None",
				"RaidUnit5": "None",
				"RaidUnit6": "None",
				"RaidUnit7": "None",
				"RaidUnit8": "None",
				"HarassingSiegeEngine1": "Catapult",
				"HarassingSiegeEngine2": "None",
				"HarassingSiegeEngine3": "None",
				"HarassingSiegeEngine4": "None",
				"HarassingSiegeEngine5": "None",
				"HarassingSiegeEngine6": "None",
				"HarassingSiegeEngine7": "None",
				"HarassingSiegeEngine8": "None",
				"HarassingSiegeEnginesMax": 5,
				"Unknown124": 3,
				"AttForceBase": 80,
				"AttForceRandom": 30,
				"AttForceSupportAllyThreshold": 10,
				"AttForceRallyPercentage": 70,
				"Unknown129": 100,
				"Unknown130": 5,
				"AttUnitPatrolRecommandDelay": 15,
				"Unknown132": 20,
				"SiegeEngine1": "Catapult",
				"SiegeEngine2": "Catapult",
				"SiegeEngine3": "Catapult",
				"SiegeEngine4": "BatteringRam",
				"SiegeEngine5": "BatteringRam",
				"SiegeEngine6": "Shield",
				"SiegeEngine7": "Shield",
				"SiegeEngine8": "Shield",
				"CowThrowInterval": 10,
				"Unknown142": 0,
				"AttMaxEngineers": 18,
				"AttDiggingUnit": "Maceman",
				"AttDiggingUnitMax": 30,
				"AttUnit2": "Spearman",
				"AttUnit2Max": 80,
				"AttMaxAssassins": 0,
				"AttMaxLaddermen": 7,
				"AttMaxTunnelers": 0,
				"AttUnitPatrol": "Slinger",
				"AttUnitPatrolMax": 30,
				"AttUnitPatrolGroupsCount": 1,
				"AttUnitBackup": "Crossbowman",
				"AttUnitBackupMax": 15,
				"AttUnitBackupGroupsCount": 1,
				"AttUnitEngage": "Maceman",
				"AttUnitEngageMax": 15,
				"AttUnitSiegeDef": "Maceman",
				"AttUnitSiegeDefMax": 15,
				"AttUnitSiegeDefGroupsCount": 1,
				"AttUnitMain1": "Maceman",
				"AttUnitMain2": "Maceman",
				"AttUnitMain3": "None",
				"AttUnitMain4": "None",
				"AttMaxDefault": 3000,
				"AttMainGroupsCount": 2,
				"TargetChoice": "Gold"
			}
		},
		
		{
			"Name": "Wolf",
			"CustomName": "",
			"Personality": {

				"Unknown000": 13,
				"Unknown001": 0,
				"Unknown002": 0,
				"Unknown003": 0,
				"Unknown004": 1,
				"Unknown005": 1,
				"CriticalPopularity": 4900,
				"LowestPopularity": 6000,
				"HighestPopularity": 9200,
				"TaxesMin": 1,
				"TaxesMax": 12,
				"Unknown011": 12,
				"Farm1": "WheatFarm",
				"Farm2": "AppleFarm",
				"Farm3": "HopFarm",
				"Farm4": "AppleFarm",
				"Farm5": "DairyFarm",
				"Farm6": "AppleFarm",
				"Farm7": "None",
				"Farm8": "None",
				"PopulationPerFarm": 2,
				"PopulationPerWoodcutter": 3,
				"PopulationPerQuarry": 4,
				"PopulationPerIronmine": 7,
				"PopulationPerPitchrig": 11,
				"MaxQuarries": 6,
				"MaxIronmines": 5,
				"MaxWoodcutters": 13,
				"MaxPitchrigs": 4,
				"MaxFarms": 12,
				"BuildInterval": 3,
				"ResourceRebuildDelay": 20,
				"MaxFood": 200,
				"MinimumApples": 5,
				"MinimumCheese": 5,
				"MinimumBread": 5,
				"MinimumWheat": 5,
				"MinimumHop": 5,
				"TradeAmountFood": 10,
				"TradeAmountEquipment": 3,
				"Unknown040": 10,
				"MinimumGoodsRequiredAfterTrade": 20,
				"DoubleRationsFoodThreshold": 40,
				"MaxWood": 55,
				"MaxStone": 55,
				"MaxResourceOther": 10,
				"MaxEquipment": 5,
				"MaxBeer": 13,
				"MaxResourceVariance": 10,
				"RecruitGoldThreshold": 200,
				"BlacksmithSetting": "Both",
				"FletcherSetting": "Both",
				"PoleturnerSetting": "Pikes",
				"SellResource01": "None",
				"SellResource02": "None",
				"SellResource03": "None",
				"SellResource04": "None",
				"SellResource05": "None",
				"SellResource06": "None",
				"SellResource07": "None",
				"SellResource08": "None",
				"SellResource09": "None",
				"SellResource10": "Spears",
				"SellResource11": "None",
				"SellResource12": "None",
				"SellResource13": "None",
				"SellResource14": "None",
				"SellResource15": "None",
				"DefWallPatrolRallyTime": 20,
				"DefWallPatrolGroups": 8,
				"DefSiegeEngineGoldThreshold": 250,
				"DefSiegeEngineBuildDelay": 3,
				"Unknown072": 100,
				"Unknown073": 20,
				"RecruitProbDefDefault": 60,
				"RecruitProbDefWeak": 90,
				"RecruitProbDefStrong": 15,
				"RecruitProbRaidDefault": 10,
				"RecruitProbRaidWeak": 0,
				"RecruitProbRaidStrong": 20,
				"RecruitProbAttackDefault": 30,
				"RecruitProbAttackWeak": 10,
				"RecruitProbAttackStrong": 65,
				"SortieUnitRangedMin": 12,
				"SortieUnitRanged": "ArabArcher",
				"SortieUnitMeleeMin": 12,
				"SortieUnitMelee": "Pikeman",
				"DefDiggingUnitMax": 12,
				"DefDiggingUnit": "Pikeman",
				"RecruitInterval": 3,
				"RecruitIntervalWeak": 1,
				"RecruitIntervalStrong": 2,
				"DefTotal": 170,
				"OuterPatrolGroupsCount": 4,
				"OuterPatrolGroupsMove": "True",
				"OuterPatrolRallyDelay": 2,
				"DefWalls": 170,
				"DefUnit1": "Crossbowman",
				"DefUnit2": "Crossbowman",
				"DefUnit3": "Crossbowman",
				"DefUnit4": "Crossbowman",
				"DefUnit5": "EuropArcher",
				"DefUnit6": "EuropArcher",
				"DefUnit7": "ArabArcher",
				"DefUnit8": "FireThrower",
				"RaidUnitsBase": 64,
				"RaidUnitsRandom": 16,
				"RaidUnit1": "Knight",
				"RaidUnit2": "HorseArcher",
				"RaidUnit3": "HorseArcher",
				"RaidUnit4": "Assassin",
				"RaidUnit5": "None",
				"RaidUnit6": "None",
				"RaidUnit7": "None",
				"RaidUnit8": "None",
				"HarassingSiegeEngine1": "Catapult",
				"HarassingSiegeEngine2": "FireBallista",
				"HarassingSiegeEngine3": "None",
				"HarassingSiegeEngine4": "None",
				"HarassingSiegeEngine5": "None",
				"HarassingSiegeEngine6": "None",
				"HarassingSiegeEngine7": "None",
				"HarassingSiegeEngine8": "None",
				"HarassingSiegeEnginesMax": 7,
				"Unknown124": 5,
				"AttForceBase": 95,
				"AttForceRandom": 4,
				"AttForceSupportAllyThreshold": 40,
				"AttForceRallyPercentage": 80,
				"Unknown129": 100,
				"Unknown130": 8,
				"AttUnitPatrolRecommandDelay": 3,
				"Unknown132": 50,
				"SiegeEngine1": "Trebuchet",
				"SiegeEngine2": "FireBallista",
				"SiegeEngine3": "SiegeTower",
				"SiegeEngine4": "Catapult",
				"SiegeEngine5": "BatteringRam",
				"SiegeEngine6": "Catapult",
				"SiegeEngine7": "Trebuchet",
				"SiegeEngine8": "FireBallista",
				"CowThrowInterval": 10,
				"Unknown142": 0,
				"AttMaxEngineers": 25,
				"AttDiggingUnit": "Pikeman",
				"AttDiggingUnitMax": 50,
				"AttUnit2": "EuropArcher",
				"AttUnit2Max": 40,
				"AttMaxAssassins": 7,
				"AttMaxLaddermen": 0,
				"AttMaxTunnelers": 5,
				"AttUnitPatrol": "EuropArcher",
				"AttUnitPatrolMax": 40,
				"AttUnitPatrolGroupsCount": 1,
				"AttUnitBackup": "Crossbowman",
				"AttUnitBackupMax": 60,
				"AttUnitBackupGroupsCount": 2,
				"AttUnitEngage": "Maceman",
				"AttUnitEngageMax": 80,
				"AttUnitSiegeDef": "Swordsman",
				"AttUnitSiegeDefMax": 20,
				"AttUnitSiegeDefGroupsCount": 2,
				"AttUnitMain1": "Swordsman",
				"AttUnitMain2": "Pikeman",
				"AttUnitMain3": "None",
				"AttUnitMain4": "None",
				"AttMaxDefault": 3000,
				"AttMainGroupsCount": 3,
				"TargetChoice": "Closest"
			}
		},
		
		{
			"Name": "Saladin",
			"CustomName": "",
			"Personality": {

				"Unknown000": 10,
				"Unknown001": 0,
				"Unknown002": 0,
				"Unknown003": 0,
				"Unknown004": 0,
				"Unknown005": 0,
				"CriticalPopularity": 4900,
				"LowestPopularity": 5000,
				"HighestPopularity": 9000,
				"TaxesMin": 1,
				"TaxesMax": 12,
				"Unknown011": 20,
				"Farm1": "HopFarm",
				"Farm2": "WheatFarm",
				"Farm3": "WheatFarm",
				"Farm4": "AppleFarm",
				"Farm5": "None",
				"Farm6": "None",
				"Farm7": "None",
				"Farm8": "None",
				"PopulationPerFarm": 3,
				"PopulationPerWoodcutter": 6,
				"PopulationPerQuarry": 10,
				"PopulationPerIronmine": 12,
				"PopulationPerPitchrig": 20,
				"MaxQuarries": 4,
				"MaxIronmines": 3,
				"MaxWoodcutters": 12,
				"MaxPitchrigs": 3,
				"MaxFarms": 15,
				"BuildInterval": 3,
				"ResourceRebuildDelay": 40,
				"MaxFood": 50,
				"MinimumApples": 5,
				"MinimumCheese": 5,
				"MinimumBread": 5,
				"MinimumWheat": 5,
				"MinimumHop": 5,
				"TradeAmountFood": 10,
				"TradeAmountEquipment": 0,
				"Unknown040": 40,
				"MinimumGoodsRequiredAfterTrade": 20,
				"DoubleRationsFoodThreshold": 20,
				"MaxWood": 60,
				"MaxStone": 50,
				"MaxResourceOther": 10,
				"MaxEquipment": 5,
				"MaxBeer": 10,
				"MaxResourceVariance": 2,
				"RecruitGoldThreshold": 200,
				"BlacksmithSetting": "Swords",
				"FletcherSetting": "Crossbows",
				"PoleturnerSetting": "Pikes",
				"SellResource01": "None",
				"SellResource02": "None",
				"SellResource03": "None",
				"SellResource04": "None",
				"SellResource05": "None",
				"SellResource06": "None",
				"SellResource07": "None",
				"SellResource08": "Bows",
				"SellResource09": "Crossbows",
				"SellResource10": "None",
				"SellResource11": "Pikes",
				"SellResource12": "Maces",
				"SellResource13": "None",
				"SellResource14": "LeatherArmors",
				"SellResource15": "None",
				"DefWallPatrolRallyTime": 3,
				"DefWallPatrolGroups": 4,
				"DefSiegeEngineGoldThreshold": 20,
				"DefSiegeEngineBuildDelay": 8,
				"Unknown072": 100,
				"Unknown073": 20,
				"RecruitProbDefDefault": 34,
				"RecruitProbDefWeak": 100,
				"RecruitProbDefStrong": 25,
				"RecruitProbRaidDefault": 33,
				"RecruitProbRaidWeak": 0,
				"RecruitProbRaidStrong": 25,
				"RecruitProbAttackDefault": 33,
				"RecruitProbAttackWeak": 0,
				"RecruitProbAttackStrong": 50,
				"SortieUnitRangedMin": 12,
				"SortieUnitRanged": "ArabArcher",
				"SortieUnitMeleeMin": 12,
				"SortieUnitMelee": "ArabSwordsman",
				"DefDiggingUnitMax": 20,
				"DefDiggingUnit": "Slave",
				"RecruitInterval": 3,
				"RecruitIntervalWeak": 1,
				"RecruitIntervalStrong": 2,
				"DefTotal": 130,
				"OuterPatrolGroupsCount": 3,
				"OuterPatrolGroupsMove": "True",
				"OuterPatrolRallyDelay": 10,
				"DefWalls": 130,
				"DefUnit1": "ArabSwordsman",
				"DefUnit2": "ArabArcher",
				"DefUnit3": "ArabArcher",
				"DefUnit4": "ArabArcher",
				"DefUnit5": "FireThrower",
				"DefUnit6": "Slinger",
				"DefUnit7": "ArabArcher",
				"DefUnit8": "ArabArcher",
				"RaidUnitsBase": 20,
				"RaidUnitsRandom": 10,
				"RaidUnit1": "HorseArcher",
				"RaidUnit2": "None",
				"RaidUnit3": "None",
				"RaidUnit4": "None",
				"RaidUnit5": "None",
				"RaidUnit6": "None",
				"RaidUnit7": "None",
				"RaidUnit8": "None",
				"HarassingSiegeEngine1": "Catapult",
				"HarassingSiegeEngine2": "FireBallista",
				"HarassingSiegeEngine3": "None",
				"HarassingSiegeEngine4": "None",
				"HarassingSiegeEngine5": "None",
				"HarassingSiegeEngine6": "None",
				"HarassingSiegeEngine7": "None",
				"HarassingSiegeEngine8": "None",
				"HarassingSiegeEnginesMax": 6,
				"Unknown124": 3,
				"AttForceBase": 80,
				"AttForceRandom": 10,
				"AttForceSupportAllyThreshold": 10,
				"AttForceRallyPercentage": 80,
				"Unknown129": 100,
				"Unknown130": 4,
				"AttUnitPatrolRecommandDelay": 1,
				"Unknown132": 60,
				"SiegeEngine1": "FireBallista",
				"SiegeEngine2": "Catapult",
				"SiegeEngine3": "FireBallista",
				"SiegeEngine4": "Catapult",
				"SiegeEngine5": "FireBallista",
				"SiegeEngine6": "Catapult",
				"SiegeEngine7": "FireBallista",
				"SiegeEngine8": "Catapult",
				"CowThrowInterval": 10000,
				"Unknown142": 0,
				"AttMaxEngineers": 18,
				"AttDiggingUnit": "Slave",
				"AttDiggingUnitMax": 50,
				"AttUnit2": "HorseArcher",
				"AttUnit2Max": 30,
				"AttMaxAssassins": 15,
				"AttMaxLaddermen": 10,
				"AttMaxTunnelers": 0,
				"AttUnitPatrol": "HorseArcher",
				"AttUnitPatrolMax": 30,
				"AttUnitPatrolGroupsCount": 1,
				"AttUnitBackup": "ArabArcher",
				"AttUnitBackupMax": 30,
				"AttUnitBackupGroupsCount": 3,
				"AttUnitEngage": "ArabSwordsman",
				"AttUnitEngageMax": 20,
				"AttUnitSiegeDef": "ArabSwordsman",
				"AttUnitSiegeDefMax": 10,
				"AttUnitSiegeDefGroupsCount": 1,
				"AttUnitMain1": "ArabSwordsman",
				"AttUnitMain2": "ArabSwordsman",
				"AttUnitMain3": "Slinger",
				"AttUnitMain4": "None",
				"AttMaxDefault": 3000,
				"AttMainGroupsCount": 3,
				"TargetChoice": "Gold"
			}
		},
		
		{
			"Name": "Caliph",
			"CustomName": "",
			"Personality": {

				"Unknown000": 10,
				"Unknown001": 0,
				"Unknown002": 0,
				"Unknown003": 0,
				"Unknown004": 0,
				"Unknown005": 1,
				"CriticalPopularity": 4000,
				"LowestPopularity": 5000,
				"HighestPopularity": 9000,
				"TaxesMin": 2,
				"TaxesMax": 12,
				"Unknown011": 12,
				"Farm1": "AppleFarm",
				"Farm2": "HopFarm",
				"Farm3": "AppleFarm",
				"Farm4": "None",
				"Farm5": "None",
				"Farm6": "None",
				"Farm7": "None",
				"Farm8": "None",
				"PopulationPerFarm": 5,
				"PopulationPerWoodcutter": 7,
				"PopulationPerQuarry": 10,
				"PopulationPerIronmine": 12,
				"PopulationPerPitchrig": 6,
				"MaxQuarries": 3,
				"MaxIronmines": 2,
				"MaxWoodcutters": 10,
				"MaxPitchrigs": 10,
				"MaxFarms": 11,
				"BuildInterval": 3,
				"ResourceRebuildDelay": 60,
				"MaxFood": 100,
				"MinimumApples": 10,
				"MinimumCheese": -1,
				"MinimumBread": -1,
				"MinimumWheat": -1,
				"MinimumHop": -1,
				"TradeAmountFood": 10,
				"TradeAmountEquipment": 0,
				"Unknown040": 12,
				"MinimumGoodsRequiredAfterTrade": 50,
				"DoubleRationsFoodThreshold": 50,
				"MaxWood": 50,
				"MaxStone": 50,
				"MaxResourceOther": 10,
				"MaxEquipment": 5,
				"MaxBeer": 15,
				"MaxResourceVariance": 5,
				"RecruitGoldThreshold": 200,
				"BlacksmithSetting": "Swords",
				"FletcherSetting": "Crossbows",
				"PoleturnerSetting": "Pikes",
				"SellResource01": "None",
				"SellResource02": "None",
				"SellResource03": "Iron",
				"SellResource04": "None",
				"SellResource05": "Wheat",
				"SellResource06": "None",
				"SellResource07": "Flour",
				"SellResource08": "Bows",
				"SellResource09": "Crossbows",
				"SellResource10": "Spears",
				"SellResource11": "Pikes",
				"SellResource12": "Maces",
				"SellResource13": "Swords",
				"SellResource14": "LeatherArmors",
				"SellResource15": "IronArmors",
				"DefWallPatrolRallyTime": 5,
				"DefWallPatrolGroups": 2,
				"DefSiegeEngineGoldThreshold": 120,
				"DefSiegeEngineBuildDelay": 8,
				"Unknown072": 100,
				"Unknown073": 20,
				"RecruitProbDefDefault": 40,
				"RecruitProbDefWeak": 80,
				"RecruitProbDefStrong": 40,
				"RecruitProbRaidDefault": 40,
				"RecruitProbRaidWeak": 20,
				"RecruitProbRaidStrong": 30,
				"RecruitProbAttackDefault": 20,
				"RecruitProbAttackWeak": 0,
				"RecruitProbAttackStrong": 30,
				"SortieUnitRangedMin": 6,
				"SortieUnitRanged": "ArabArcher",
				"SortieUnitMeleeMin": 6,
				"SortieUnitMelee": "ArabSwordsman",
				"DefDiggingUnitMax": 5,
				"DefDiggingUnit": "Slave",
				"RecruitInterval": 1,
				"RecruitIntervalWeak": 1,
				"RecruitIntervalStrong": 1,
				"DefTotal": 90,
				"OuterPatrolGroupsCount": 2,
				"OuterPatrolGroupsMove": "True",
				"OuterPatrolRallyDelay": 10,
				"DefWalls": 90,
				"DefUnit1": "FireThrower",
				"DefUnit2": "FireThrower",
				"DefUnit3": "ArabArcher",
				"DefUnit4": "ArabArcher",
				"DefUnit5": "ArabArcher",
				"DefUnit6": "ArabArcher",
				"DefUnit7": "ArabArcher",
				"DefUnit8": "None",
				"RaidUnitsBase": 40,
				"RaidUnitsRandom": 30,
				"RaidUnit1": "Slave",
				"RaidUnit2": "Slave",
				"RaidUnit3": "Slave",
				"RaidUnit4": "Slinger",
				"RaidUnit5": "None",
				"RaidUnit6": "None",
				"RaidUnit7": "None",
				"RaidUnit8": "None",
				"HarassingSiegeEngine1": "FireBallista",
				"HarassingSiegeEngine2": "Catapult",
				"HarassingSiegeEngine3": "None",
				"HarassingSiegeEngine4": "None",
				"HarassingSiegeEngine5": "None",
				"HarassingSiegeEngine6": "None",
				"HarassingSiegeEngine7": "None",
				"HarassingSiegeEngine8": "None",
				"HarassingSiegeEnginesMax": 4,
				"Unknown124": 3,
				"AttForceBase": 40,
				"AttForceRandom": 10,
				"AttForceSupportAllyThreshold": 50,
				"AttForceRallyPercentage": 100,
				"Unknown129": 100,
				"Unknown130": 2,
				"AttUnitPatrolRecommandDelay": 10,
				"Unknown132": 50,
				"SiegeEngine1": "FireBallista",
				"SiegeEngine2": "Shield",
				"SiegeEngine3": "FireBallista",
				"SiegeEngine4": "Shield",
				"SiegeEngine5": "Shield",
				"SiegeEngine6": "FireBallista",
				"SiegeEngine7": "Shield",
				"SiegeEngine8": "FireBallista",
				"CowThrowInterval": 7,
				"Unknown142": 0,
				"AttMaxEngineers": 12,
				"AttDiggingUnit": "Slave",
				"AttDiggingUnitMax": 30,
				"AttUnit2": "ArabSwordsman",
				"AttUnit2Max": 10,
				"AttMaxAssassins": 5,
				"AttMaxLaddermen": 0,
				"AttMaxTunnelers": 0,
				"AttUnitPatrol": "HorseArcher",
				"AttUnitPatrolMax": 10,
				"AttUnitPatrolGroupsCount": 1,
				"AttUnitBackup": "ArabArcher",
				"AttUnitBackupMax": 40,
				"AttUnitBackupGroupsCount": 2,
				"AttUnitEngage": "ArabSwordsman",
				"AttUnitEngageMax": 10,
				"AttUnitSiegeDef": "ArabArcher",
				"AttUnitSiegeDefMax": 10,
				"AttUnitSiegeDefGroupsCount": 1,
				"AttUnitMain1": "ArabSwordsman",
				"AttUnitMain2": "None",
				"AttUnitMain3": "None",
				"AttUnitMain4": "None",
				"AttMaxDefault": 3000,
				"AttMainGroupsCount": 5,
				"TargetChoice": "Balanced"
			}
		},

		{
			"Name": "Sultan",
			"CustomName": "",
			"Personality": {

				"Unknown000": 10,
				"Unknown001": 0,
				"Unknown002": 0,
				"Unknown003": 0,
				"Unknown004": 0,
				"Unknown005": 0,
				"CriticalPopularity": 5000,
				"LowestPopularity": 6000,
				"HighestPopularity": 9000,
				"TaxesMin": 1,
				"TaxesMax": 10,
				"Unknown011": 20,
				"Farm1": "AppleFarm",
				"Farm2": "None",
				"Farm3": "None",
				"Farm4": "None",
				"Farm5": "None",
				"Farm6": "None",
				"Farm7": "None",
				"Farm8": "None",
				"PopulationPerFarm": 10,
				"PopulationPerWoodcutter": 2,
				"PopulationPerQuarry": 5,
				"PopulationPerIronmine": 10,
				"PopulationPerPitchrig": 10,
				"MaxQuarries": 3,
				"MaxIronmines": 1,
				"MaxWoodcutters": 14,
				"MaxPitchrigs": 1,
				"MaxFarms": 5,
				"BuildInterval": 4,
				"ResourceRebuildDelay": 80,
				"MaxFood": 500,
				"MinimumApples": 20,
				"MinimumCheese": -1,
				"MinimumBread": -1,
				"MinimumWheat": -1,
				"MinimumHop": -1,
				"TradeAmountFood": 10,
				"TradeAmountEquipment": 0,
				"Unknown040": 30,
				"MinimumGoodsRequiredAfterTrade": 0,
				"DoubleRationsFoodThreshold": 0,
				"MaxWood": 40,
				"MaxStone": 40,
				"MaxResourceOther": 10,
				"MaxEquipment": 5,
				"MaxBeer": 20,
				"MaxResourceVariance": 5,
				"RecruitGoldThreshold": 200,
				"BlacksmithSetting": "Swords",
				"FletcherSetting": "Bows",
				"PoleturnerSetting": "Spears",
				"SellResource01": "None",
				"SellResource02": "Hop",
				"SellResource03": "Iron",
				"SellResource04": "Pitch",
				"SellResource05": "Wheat",
				"SellResource06": "Beer",
				"SellResource07": "Flour",
				"SellResource08": "Bows",
				"SellResource09": "Crossbows",
				"SellResource10": "Spears",
				"SellResource11": "Pikes",
				"SellResource12": "Maces",
				"SellResource13": "Swords",
				"SellResource14": "LeatherArmors",
				"SellResource15": "IronArmors",
				"DefWallPatrolRallyTime": 10,
				"DefWallPatrolGroups": 2,
				"DefSiegeEngineGoldThreshold": 200,
				"DefSiegeEngineBuildDelay": 20,
				"Unknown072": 800,
				"Unknown073": 80,
				"RecruitProbDefDefault": 50,
				"RecruitProbDefWeak": 70,
				"RecruitProbDefStrong": 30,
				"RecruitProbRaidDefault": 20,
				"RecruitProbRaidWeak": 10,
				"RecruitProbRaidStrong": 30,
				"RecruitProbAttackDefault": 30,
				"RecruitProbAttackWeak": 20,
				"RecruitProbAttackStrong": 40,
				"SortieUnitRangedMin": 6,
				"SortieUnitRanged": "Slinger",
				"SortieUnitMeleeMin": 3,
				"SortieUnitMelee": "ArabSwordsman",
				"DefDiggingUnitMax": 5,
				"DefDiggingUnit": "Slave",
				"RecruitInterval": 5,
				"RecruitIntervalWeak": 4,
				"RecruitIntervalStrong": 3,
				"DefTotal": 100,
				"OuterPatrolGroupsCount": 1,
				"OuterPatrolGroupsMove": "True",
				"OuterPatrolRallyDelay": 10,
				"DefWalls": 100,
				"DefUnit1": "Slinger",
				"DefUnit2": "Slinger",
				"DefUnit3": "ArabSwordsman",
				"DefUnit4": "Slinger",
				"DefUnit5": "Slinger",
				"DefUnit6": "ArabArcher",
				"DefUnit7": "Slinger",
				"DefUnit8": "Slinger",
				"RaidUnitsBase": 20,
				"RaidUnitsRandom": 10,
				"RaidUnit1": "Slinger",
				"RaidUnit2": "Slinger",
				"RaidUnit3": "Slave",
				"RaidUnit4": "None",
				"RaidUnit5": "None",
				"RaidUnit6": "None",
				"RaidUnit7": "None",
				"RaidUnit8": "None",
				"HarassingSiegeEngine1": "Catapult",
				"HarassingSiegeEngine2": "None",
				"HarassingSiegeEngine3": "None",
				"HarassingSiegeEngine4": "None",
				"HarassingSiegeEngine5": "None",
				"HarassingSiegeEngine6": "None",
				"HarassingSiegeEngine7": "None",
				"HarassingSiegeEngine8": "None",
				"HarassingSiegeEnginesMax": 2,
				"Unknown124": 3,
				"AttForceBase": 20,
				"AttForceRandom": 20,
				"AttForceSupportAllyThreshold": 5,
				"AttForceRallyPercentage": 30,
				"Unknown129": 100,
				"Unknown130": 0,
				"AttUnitPatrolRecommandDelay": 40,
				"Unknown132": 20,
				"SiegeEngine1": "Catapult",
				"SiegeEngine2": "Shield",
				"SiegeEngine3": "Shield",
				"SiegeEngine4": "Shield",
				"SiegeEngine5": "Shield",
				"SiegeEngine6": "Shield",
				"SiegeEngine7": "Catapult",
				"SiegeEngine8": "FireBallista",
				"CowThrowInterval": 10000,
				"Unknown142": 0,
				"AttMaxEngineers": 13,
				"AttDiggingUnit": "Slave",
				"AttDiggingUnitMax": 10,
				"AttUnit2": "Slave",
				"AttUnit2Max": 15,
				"AttMaxAssassins": 1,
				"AttMaxLaddermen": 0,
				"AttMaxTunnelers": 0,
				"AttUnitPatrol": "Slinger",
				"AttUnitPatrolMax": 20,
				"AttUnitPatrolGroupsCount": 0,
				"AttUnitBackup": "ArabArcher",
				"AttUnitBackupMax": 150,
				"AttUnitBackupGroupsCount": 1,
				"AttUnitEngage": "ArabSwordsman",
				"AttUnitEngageMax": 5,
				"AttUnitSiegeDef": "ArabSwordsman",
				"AttUnitSiegeDefMax": 5,
				"AttUnitSiegeDefGroupsCount": 1,
				"AttUnitMain1": "ArabSwordsman",
				"AttUnitMain2": "None",
				"AttUnitMain3": "None",
				"AttUnitMain4": "None",
				"AttMaxDefault": 3000,
				"AttMainGroupsCount": 1,
				"TargetChoice": "Closest"
			}
		},
		
		{
			"Name": "Richard",
			"CustomName": "",
			"Personality": {

				"Unknown000": 13,
				"Unknown001": 0,
				"Unknown002": 0,
				"Unknown003": 0,
				"Unknown004": 1,
				"Unknown005": 0,
				"CriticalPopularity": 4900,
				"LowestPopularity": 5000,
				"HighestPopularity": 9000,
				"TaxesMin": 1,
				"TaxesMax": 12,
				"Unknown011": 12,
				"Farm1": "DairyFarm",
				"Farm2": "AppleFarm",
				"Farm3": "AppleFarm",
				"Farm4": "None",
				"Farm5": "None",
				"Farm6": "None",
				"Farm7": "None",
				"Farm8": "None",
				"PopulationPerFarm": 4,
				"PopulationPerWoodcutter": 7,
				"PopulationPerQuarry": 10,
				"PopulationPerIronmine": 10,
				"PopulationPerPitchrig": 15,
				"MaxQuarries": 4,
				"MaxIronmines": 5,
				"MaxWoodcutters": 11,
				"MaxPitchrigs": 1,
				"MaxFarms": 15,
				"BuildInterval": 4,
				"ResourceRebuildDelay": 20,
				"MaxFood": 200,
				"MinimumApples": 5,
				"MinimumCheese": 5,
				"MinimumBread": -1,
				"MinimumWheat": -1,
				"MinimumHop": -1,
				"TradeAmountFood": 5,
				"TradeAmountEquipment": 5,
				"Unknown040": 22,
				"MinimumGoodsRequiredAfterTrade": 10,
				"DoubleRationsFoodThreshold": 40,
				"MaxWood": 70,
				"MaxStone": 60,
				"MaxResourceOther": 10,
				"MaxEquipment": 10,
				"MaxBeer": 10,
				"MaxResourceVariance": 5,
				"RecruitGoldThreshold": 200,
				"BlacksmithSetting": "Swords",
				"FletcherSetting": "Bows",
				"PoleturnerSetting": "Pikes",
				"SellResource01": "None",
				"SellResource02": "Hop",
				"SellResource03": "None",
				"SellResource04": "None",
				"SellResource05": "Wheat",
				"SellResource06": "Beer",
				"SellResource07": "Flour",
				"SellResource08": "None",
				"SellResource09": "Crossbows",
				"SellResource10": "Spears",
				"SellResource11": "None",
				"SellResource12": "Maces",
				"SellResource13": "None",
				"SellResource14": "LeatherArmors",
				"SellResource15": "None",
				"DefWallPatrolRallyTime": 8,
				"DefWallPatrolGroups": 4,
				"DefSiegeEngineGoldThreshold": 200,
				"DefSiegeEngineBuildDelay": 2,
				"Unknown072": 100,
				"Unknown073": 20,
				"RecruitProbDefDefault": 30,
				"RecruitProbDefWeak": 90,
				"RecruitProbDefStrong": 10,
				"RecruitProbRaidDefault": 0,
				"RecruitProbRaidWeak": 0,
				"RecruitProbRaidStrong": 0,
				"RecruitProbAttackDefault": 70,
				"RecruitProbAttackWeak": 10,
				"RecruitProbAttackStrong": 90,
				"SortieUnitRangedMin": 9,
				"SortieUnitRanged": "EuropArcher",
				"SortieUnitMeleeMin": 9,
				"SortieUnitMelee": "Pikeman",
				"DefDiggingUnitMax": 10,
				"DefDiggingUnit": "Pikeman",
				"RecruitInterval": 2,
				"RecruitIntervalWeak": 1,
				"RecruitIntervalStrong": 1,
				"DefTotal": 100,
				"OuterPatrolGroupsCount": 2,
				"OuterPatrolGroupsMove": "True",
 				"OuterPatrolRallyDelay": 5,
				"DefWalls": 100,
				"DefUnit1": "EuropArcher",
				"DefUnit2": "EuropArcher",
				"DefUnit3": "Pikeman",
				"DefUnit4": "EuropArcher",
				"DefUnit5": "EuropArcher",
				"DefUnit6": "None",
				"DefUnit7": "None",
				"DefUnit8": "None",
				"RaidUnitsBase": 15,
				"RaidUnitsRandom": 3,
				"RaidUnit1": "EuropArcher",
				"RaidUnit2": "EuropArcher",
				"RaidUnit3": "EuropArcher",
				"RaidUnit4": "Pikeman",
				"RaidUnit5": "None",
				"RaidUnit6": "None",
				"RaidUnit7": "None",
				"RaidUnit8": "None",
				"HarassingSiegeEngine1": "Catapult",
				"HarassingSiegeEngine2": "None",
				"HarassingSiegeEngine3": "None",
				"HarassingSiegeEngine4": "None",
				"HarassingSiegeEngine5": "None",
				"HarassingSiegeEngine6": "None",
				"HarassingSiegeEngine7": "None",
				"HarassingSiegeEngine8": "None",
				"HarassingSiegeEnginesMax": 4,
				"Unknown124": 5,
				"AttForceBase": 90,
				"AttForceRandom": 5,
				"AttForceSupportAllyThreshold": 10,
				"AttForceRallyPercentage": 10,
				"Unknown129": 100,
				"Unknown130": 20,
				"AttUnitPatrolRecommandDelay": 2,
				"Unknown132": 10,
				"SiegeEngine1": "Catapult",
				"SiegeEngine2": "Catapult",
				"SiegeEngine3": "Catapult",
				"SiegeEngine4": "BatteringRam",
				"SiegeEngine5": "Trebuchet",
				"SiegeEngine6": "Trebuchet",
				"SiegeEngine7": "BatteringRam",
				"SiegeEngine8": "BatteringRam",
				"CowThrowInterval": 24,
				"Unknown142": 0,
				"AttMaxEngineers": 25,
				"AttDiggingUnit": "Pikeman",
				"AttDiggingUnitMax": 20,
				"AttUnit2": "Pikeman",
				"AttUnit2Max": 20,
				"AttMaxAssassins": 0,
				"AttMaxLaddermen": 0,
				"AttMaxTunnelers": 8,
				"AttUnitPatrol": "EuropArcher",
				"AttUnitPatrolMax": 40,
				"AttUnitPatrolGroupsCount": 1,
				"AttUnitBackup": "EuropArcher",
				"AttUnitBackupMax": 30,
				"AttUnitBackupGroupsCount": 2,
				"AttUnitEngage": "Swordsman",
				"AttUnitEngageMax": 15,
				"AttUnitSiegeDef": "Swordsman",
				"AttUnitSiegeDefMax": 10,
				"AttUnitSiegeDefGroupsCount": 2,
				"AttUnitMain1": "Swordsman",
				"AttUnitMain2": "Pikeman",
				"AttUnitMain3": "Pikeman",
				"AttUnitMain4": "None",
				"AttMaxDefault": 3000,
				"AttMainGroupsCount": 3,
				"TargetChoice": "Closest"
			}
		},
		
		{
			"Name": "Frederick",
			"CustomName": "",
			"Personality": {

				"Unknown000": 13,
				"Unknown001": 0,
				"Unknown002": 0,
				"Unknown003": 0,
				"Unknown004": 1,
				"Unknown005": 1,
				"CriticalPopularity": 4900,
				"LowestPopularity": 6000,
				"HighestPopularity": 9000,
				"TaxesMin": 1,
				"TaxesMax": 11,
				"Unknown011": 12,
				"Farm1": "DairyFarm",
				"Farm2": "AppleFarm",
				"Farm3": "HopFarm",
				"Farm4": "AppleFarm",
				"Farm5": "None",
				"Farm6": "None",
				"Farm7": "None",
				"Farm8": "None",
				"PopulationPerFarm": 4,
				"PopulationPerWoodcutter": 7,
				"PopulationPerQuarry": 12,
				"PopulationPerIronmine": 10,
				"PopulationPerPitchrig": 13,
				"MaxQuarries": 4,
				"MaxIronmines": 5,
				"MaxWoodcutters": 12,
				"MaxPitchrigs": 2,
				"MaxFarms": 12,
				"BuildInterval": 3,
				"ResourceRebuildDelay": 30,
				"MaxFood": 200,
				"MinimumApples": 5,
				"MinimumCheese": 5,
				"MinimumBread": 5,
				"MinimumWheat": -1,
				"MinimumHop": -1,
				"TradeAmountFood": 10,
				"TradeAmountEquipment": 5,
				"Unknown040": 22,
				"MinimumGoodsRequiredAfterTrade": 20,
				"DoubleRationsFoodThreshold": 40,
				"MaxWood": 60,
				"MaxStone": 60,
				"MaxResourceOther": 10,
				"MaxEquipment": 15,
				"MaxBeer": 10,
				"MaxResourceVariance": 5,
				"RecruitGoldThreshold": 200,
				"BlacksmithSetting": "Swords",
				"FletcherSetting": "Both",
				"PoleturnerSetting": "Pikes",
				"SellResource01": "None",
				"SellResource02": "None",
				"SellResource03": "None",
				"SellResource04": "None",
				"SellResource05": "Wheat",
				"SellResource06": "None",
				"SellResource07": "Flour",
				"SellResource08": "None",
				"SellResource09": "None",
				"SellResource10": "Spears",
				"SellResource11": "None",
				"SellResource12": "Maces",
				"SellResource13": "None",
				"SellResource14": "None",
				"SellResource15": "None",
				"DefWallPatrolRallyTime": 10,
				"DefWallPatrolGroups": 4,
				"DefSiegeEngineGoldThreshold": 200,
				"DefSiegeEngineBuildDelay": 2,
				"Unknown072": 100,
				"Unknown073": 20,
				"RecruitProbDefDefault": 50,
				"RecruitProbDefWeak": 100,
				"RecruitProbDefStrong": 20,
				"RecruitProbRaidDefault": 20,
				"RecruitProbRaidWeak": 0,
				"RecruitProbRaidStrong": 30,
				"RecruitProbAttackDefault": 30,
				"RecruitProbAttackWeak": 0,
				"RecruitProbAttackStrong": 50,
				"SortieUnitRangedMin": 9,
				"SortieUnitRanged": "EuropArcher",
				"SortieUnitMeleeMin": 6,
				"SortieUnitMelee": "Swordsman",
				"DefDiggingUnitMax": 10,
				"DefDiggingUnit": "Pikeman",
				"RecruitInterval": 4,
				"RecruitIntervalWeak": 1,
				"RecruitIntervalStrong": 3,
				"DefTotal": 160,
				"OuterPatrolGroupsCount": 3,
				"OuterPatrolGroupsMove": "True",
				"OuterPatrolRallyDelay": 10,
				"DefWalls": 160,
				"DefUnit1": "EuropArcher",
				"DefUnit2": "EuropArcher",
				"DefUnit3": "Crossbowman",
				"DefUnit4": "Crossbowman",
				"DefUnit5": "Pikeman",
				"DefUnit6": "None",
				"DefUnit7": "None",
				"DefUnit8": "None",
				"RaidUnitsBase": 14,
				"RaidUnitsRandom": 2,
				"RaidUnit1": "Knight",
				"RaidUnit2": "None",
				"RaidUnit3": "None",
				"RaidUnit4": "None",
				"RaidUnit5": "None",
				"RaidUnit6": "None",
				"RaidUnit7": "None",
				"RaidUnit8": "None",
				"HarassingSiegeEngine1": "Catapult",
				"HarassingSiegeEngine2": "None",
				"HarassingSiegeEngine3": "None",
				"HarassingSiegeEngine4": "None",
				"HarassingSiegeEngine5": "None",
				"HarassingSiegeEngine6": "None",
				"HarassingSiegeEngine7": "None",
				"HarassingSiegeEngine8": "None",
				"HarassingSiegeEnginesMax": 6,
				"Unknown124": 6,
				"AttForceBase": 80,
				"AttForceRandom": 5,
				"AttForceSupportAllyThreshold": 20,
				"AttForceRallyPercentage": 50,
				"Unknown129": 100,
				"Unknown130": 20,
				"AttUnitPatrolRecommandDelay": 5,
				"Unknown132": 50,
				"SiegeEngine1": "Trebuchet",
				"SiegeEngine2": "Trebuchet",
				"SiegeEngine3": "Catapult",
				"SiegeEngine4": "Trebuchet",
				"SiegeEngine5": "Catapult",
				"SiegeEngine6": "Trebuchet",
				"SiegeEngine7": "Catapult",
				"SiegeEngine8": "BatteringRam",
				"CowThrowInterval": 24,
				"Unknown142": 0,
				"AttMaxEngineers": 22,
				"AttDiggingUnit": "Pikeman",
				"AttDiggingUnitMax": 20,
				"AttUnit2": "EuropArcher",
				"AttUnit2Max": 30,
				"AttMaxAssassins": 0,
				"AttMaxLaddermen": 5,
				"AttMaxTunnelers": 2,
				"AttUnitPatrol": "EuropArcher",
				"AttUnitPatrolMax": 40,
				"AttUnitPatrolGroupsCount": 2,
				"AttUnitBackup": "Crossbowman",
				"AttUnitBackupMax": 40,
				"AttUnitBackupGroupsCount": 2,
				"AttUnitEngage": "Swordsman",
				"AttUnitEngageMax": 10,
				"AttUnitSiegeDef": "Crossbowman",
				"AttUnitSiegeDefMax": 10,
				"AttUnitSiegeDefGroupsCount": 1,
				"AttUnitMain1": "Swordsman",
				"AttUnitMain2": "None",
				"AttUnitMain3": "None",
				"AttUnitMain4": "None",
				"AttMaxDefault": 3000,
				"AttMainGroupsCount": 3,
				"TargetChoice": "Gold"
			}
		},
		
		{
			"Name": "Phillip",
			"CustomName": "",
			"Personality": {

				"Unknown000": 13,
				"Unknown001": 0,
				"Unknown002": 0,
				"Unknown003": 0,
				"Unknown004": 1,
				"Unknown005": 1,
				"CriticalPopularity": 4600,
				"LowestPopularity": 5000,
				"HighestPopularity": 8000,
				"TaxesMin": 2,
				"TaxesMax": 10,
				"Unknown011": 10,
				"Farm1": "AppleFarm",
				"Farm2": "AppleFarm",
				"Farm3": "AppleFarm",
				"Farm4": "AppleFarm",
				"Farm5": "DairyFarm",
				"Farm6": "None",
				"Farm7": "None",
				"Farm8": "None",
				"PopulationPerFarm": 5,
				"PopulationPerWoodcutter": 7,
				"PopulationPerQuarry": 10,
				"PopulationPerIronmine": 7,
				"PopulationPerPitchrig": 10,
				"MaxQuarries": 1,
				"MaxIronmines": 4,
				"MaxWoodcutters": 10,
				"MaxPitchrigs": 1,
				"MaxFarms": 8,
				"BuildInterval": 4,
				"ResourceRebuildDelay": 60,
				"MaxFood": 100,
				"MinimumApples": 10,
				"MinimumCheese": 10,
				"MinimumBread": 10,
				"MinimumWheat": -1,
				"MinimumHop": -1,
				"TradeAmountFood": 20,
				"TradeAmountEquipment": 3,
				"Unknown040": 12,
				"MinimumGoodsRequiredAfterTrade": 10,
				"DoubleRationsFoodThreshold": 50,
				"MaxWood": 60,
				"MaxStone": 60,
				"MaxResourceOther": 15,
				"MaxEquipment": 6,
				"MaxBeer": 10,
				"MaxResourceVariance": 5,
				"RecruitGoldThreshold": 200,
				"BlacksmithSetting": "Swords",
				"FletcherSetting": "Bows",
				"PoleturnerSetting": "Spears",
				"SellResource01": "None",
				"SellResource02": "Hop",
				"SellResource03": "None",
				"SellResource04": "Pitch",
				"SellResource05": "Wheat",
				"SellResource06": "Beer",
				"SellResource07": "Flour",
				"SellResource08": "None",
				"SellResource09": "Crossbows",
				"SellResource10": "None",
				"SellResource11": "Pikes",
				"SellResource12": "Maces",
				"SellResource13": "None",
				"SellResource14": "LeatherArmors",
				"SellResource15": "None",
				"DefWallPatrolRallyTime": 6,
				"DefWallPatrolGroups": 3,
				"DefSiegeEngineGoldThreshold": 100,
				"DefSiegeEngineBuildDelay": 4,
				"Unknown072": 200,
				"Unknown073": 20,
				"RecruitProbDefDefault": 40,
				"RecruitProbDefWeak": 70,
				"RecruitProbDefStrong": 20,
				"RecruitProbRaidDefault": 40,
				"RecruitProbRaidWeak": 20,
				"RecruitProbRaidStrong": 20,
				"RecruitProbAttackDefault": 20,
				"RecruitProbAttackWeak": 10,
				"RecruitProbAttackStrong": 60,
				"SortieUnitRangedMin": 6,
				"SortieUnitRanged": "EuropArcher",
				"SortieUnitMeleeMin": 12,
				"SortieUnitMelee": "Spearman",
				"DefDiggingUnitMax": 5,
				"DefDiggingUnit": "Spearman",
				"RecruitInterval": 4,
				"RecruitIntervalWeak": 4,
				"RecruitIntervalStrong": 3,
				"DefTotal": 110,
				"OuterPatrolGroupsCount": 4,
				"OuterPatrolGroupsMove": "True",
				"OuterPatrolRallyDelay": 2,
				"DefWalls": 110,
				"DefUnit1": "Knight",
				"DefUnit2": "EuropArcher",
				"DefUnit3": "EuropArcher",
				"DefUnit4": "EuropArcher",
				"DefUnit5": "EuropArcher",
				"DefUnit6": "EuropArcher",
				"DefUnit7": "Spearman",
				"DefUnit8": "None",
				"RaidUnitsBase": 4,
				"RaidUnitsRandom": 12,
				"RaidUnit1": "Knight",
				"RaidUnit2": "None",
				"RaidUnit3": "None",
				"RaidUnit4": "None",
				"RaidUnit5": "None",
				"RaidUnit6": "None",
				"RaidUnit7": "None",
				"RaidUnit8": "None",
				"HarassingSiegeEngine1": "Catapult",
				"HarassingSiegeEngine2": "None",
				"HarassingSiegeEngine3": "None",
				"HarassingSiegeEngine4": "None",
				"HarassingSiegeEngine5": "None",
				"HarassingSiegeEngine6": "None",
				"HarassingSiegeEngine7": "None",
				"HarassingSiegeEngine8": "None",
				"HarassingSiegeEnginesMax": 3,
				"Unknown124": 4,
				"AttForceBase": 50,
				"AttForceRandom": 15,
				"AttForceSupportAllyThreshold": 40,
				"AttForceRallyPercentage": 40,
				"Unknown129": 100,
				"Unknown130": 0,
				"AttUnitPatrolRecommandDelay": 5,
				"Unknown132": 70,
				"SiegeEngine1": "Catapult",
				"SiegeEngine2": "Shield",
				"SiegeEngine3": "Shield",
				"SiegeEngine4": "Catapult",
				"SiegeEngine5": "Shield",
				"SiegeEngine6": "Shield",
				"SiegeEngine7": "Shield",
				"SiegeEngine8": "Catapult",
				"CowThrowInterval": 40,
				"Unknown142": 0,
				"AttMaxEngineers": 11,
				"AttDiggingUnit": "Spearman",
				"AttDiggingUnitMax": 60,
				"AttUnit2": "Spearman",
				"AttUnit2Max": 30,
				"AttMaxAssassins": 0,
				"AttMaxLaddermen": 8,
				"AttMaxTunnelers": 0,
				"AttUnitPatrol": "EuropArcher",
				"AttUnitPatrolMax": 20,
				"AttUnitPatrolGroupsCount": 2,
				"AttUnitBackup": "EuropArcher",
				"AttUnitBackupMax": 20,
				"AttUnitBackupGroupsCount": 1,
				"AttUnitEngage": "Knight",
				"AttUnitEngageMax": 16,
				"AttUnitSiegeDef": "Swordsman",
				"AttUnitSiegeDefMax": 12,
				"AttUnitSiegeDefGroupsCount": 1,
				"AttUnitMain1": "Spearman",
				"AttUnitMain2": "None",
				"AttUnitMain3": "None",
				"AttUnitMain4": "None",
				"AttMaxDefault": 3000,
				"AttMainGroupsCount": 2,
				"TargetChoice": "Balanced"
			}
		},

		{
			"Name": "Wazir",
			"CustomName": "",
			"Personality": {

				"Unknown000": 10,
				"Unknown001": 0,
				"Unknown002": 0,
				"Unknown003": 0,
				"Unknown004": 1,
				"Unknown005": 1,
				"CriticalPopularity": 4800,
				"LowestPopularity": 5000,
				"HighestPopularity": 8000,
				"TaxesMin": 2,
				"TaxesMax": 12,
				"Unknown011": 10,
				"Farm1": "WheatFarm",
				"Farm2": "None",
				"Farm3": "None",
				"Farm4": "None",
				"Farm5": "None",
				"Farm6": "None",
				"Farm7": "None",
				"Farm8": "None",
				"PopulationPerFarm": 5,
				"PopulationPerWoodcutter": 7,
				"PopulationPerQuarry": 6,
				"PopulationPerIronmine": 12,
				"PopulationPerPitchrig": 6,
				"MaxQuarries": 3,
				"MaxIronmines": 1,
				"MaxWoodcutters": 10,
				"MaxPitchrigs": 4,
				"MaxFarms": 9,
				"BuildInterval": 3,
				"ResourceRebuildDelay": 50,
				"MaxFood": 100,
				"MinimumApples": -1,
				"MinimumCheese": -1,
				"MinimumBread": 10,
				"MinimumWheat": 4,
				"MinimumHop": -1,
				"TradeAmountFood": 20,
				"TradeAmountEquipment": 0,
				"Unknown040": 22,
				"MinimumGoodsRequiredAfterTrade": 30,
				"DoubleRationsFoodThreshold": 50,
				"MaxWood": 60,
				"MaxStone": 50,
				"MaxResourceOther": 10,
				"MaxEquipment": 4,
				"MaxBeer": 10,
				"MaxResourceVariance": 5,
				"RecruitGoldThreshold": 100,
				"BlacksmithSetting": "Swords",
				"FletcherSetting": "Crossbows",
				"PoleturnerSetting": "Pikes",
				"SellResource01": "None",
				"SellResource02": "Hop",
				"SellResource03": "Iron",
				"SellResource04": "None",
				"SellResource05": "None",
				"SellResource06": "Beer",
				"SellResource07": "None",
				"SellResource08": "Bows",
				"SellResource09": "Crossbows",
				"SellResource10": "Spears",
				"SellResource11": "Pikes",
				"SellResource12": "Maces",
				"SellResource13": "Swords",
				"SellResource14": "LeatherArmors",
				"SellResource15": "IronArmors",
				"DefWallPatrolRallyTime": 6,
				"DefWallPatrolGroups": 3,
				"DefSiegeEngineGoldThreshold": 110,
				"DefSiegeEngineBuildDelay": 4,
				"Unknown072": 200,
				"Unknown073": 20,
				"RecruitProbDefDefault": 30,
				"RecruitProbDefWeak": 70,
				"RecruitProbDefStrong": 20,
				"RecruitProbRaidDefault": 20,
				"RecruitProbRaidWeak": 10,
				"RecruitProbRaidStrong": 30,
				"RecruitProbAttackDefault": 50,
				"RecruitProbAttackWeak": 20,
				"RecruitProbAttackStrong": 50,
				"SortieUnitRangedMin": 12,
				"SortieUnitRanged": "HorseArcher",
				"SortieUnitMeleeMin": 5,
				"SortieUnitMelee": "ArabSwordsman",
				"DefDiggingUnitMax": 5,
				"DefDiggingUnit": "Slave",
				"RecruitInterval": 3,
				"RecruitIntervalWeak": 1,
				"RecruitIntervalStrong": 2,
				"DefTotal": 90,
				"OuterPatrolGroupsCount": 2,
				"OuterPatrolGroupsMove": "True",
				"OuterPatrolRallyDelay": 4,
				"DefWalls": 90,
				"DefUnit1": "ArabArcher",
				"DefUnit2": "FireThrower",
				"DefUnit3": "None",
				"DefUnit4": "None",
				"DefUnit5": "None",
				"DefUnit6": "None",
				"DefUnit7": "None",
				"DefUnit8": "None",
				"RaidUnitsBase": 40,
				"RaidUnitsRandom": 15,
				"RaidUnit1": "HorseArcher",
				"RaidUnit2": "None",
				"RaidUnit3": "None",
				"RaidUnit4": "None",
				"RaidUnit5": "None",
				"RaidUnit6": "None",
				"RaidUnit7": "None",
				"RaidUnit8": "None",
				"HarassingSiegeEngine1": "FireBallista",
				"HarassingSiegeEngine2": "None",
				"HarassingSiegeEngine3": "None",
				"HarassingSiegeEngine4": "None",
				"HarassingSiegeEngine5": "None",
				"HarassingSiegeEngine6": "None",
				"HarassingSiegeEngine7": "None",
				"HarassingSiegeEngine8": "None",
				"HarassingSiegeEnginesMax": 4,
				"Unknown124": 4,
				"AttForceBase": 75,
				"AttForceRandom": 15,
				"AttForceSupportAllyThreshold": 30,
				"AttForceRallyPercentage": 80,
				"Unknown129": 100,
				"Unknown130": 4,
				"AttUnitPatrolRecommandDelay": 5,
				"Unknown132": 90,
				"SiegeEngine1": "Trebuchet",
				"SiegeEngine2": "FireBallista",
				"SiegeEngine3": "Shield",
				"SiegeEngine4": "FireBallista",
				"SiegeEngine5": "Shield",
				"SiegeEngine6": "FireBallista",
				"SiegeEngine7": "Shield",
				"SiegeEngine8": "Trebuchet",
				"CowThrowInterval": 10000,
				"Unknown142": 0,
				"AttMaxEngineers": 15,
				"AttDiggingUnit": "Slave",
				"AttDiggingUnitMax": 30,
				"AttUnit2": "ArabArcher",
				"AttUnit2Max": 20,
				"AttMaxAssassins": 5,
				"AttMaxLaddermen": 0,
				"AttMaxTunnelers": 0,
				"AttUnitPatrol": "HorseArcher",
				"AttUnitPatrolMax": 40,
				"AttUnitPatrolGroupsCount": 1,
				"AttUnitBackup": "HorseArcher",
				"AttUnitBackupMax": 80,
				"AttUnitBackupGroupsCount": 1,
				"AttUnitEngage": "ArabSwordsman",
				"AttUnitEngageMax": 10,
				"AttUnitSiegeDef": "ArabSwordsman",
				"AttUnitSiegeDefMax": 10,
				"AttUnitSiegeDefGroupsCount": 1,
				"AttUnitMain1": "ArabSwordsman",
				"AttUnitMain2": "None",
				"AttUnitMain3": "None",
				"AttUnitMain4": "None",
				"AttMaxDefault": 3000,
				"AttMainGroupsCount": 2,
				"TargetChoice": "Balanced"
			}
		},
		
		{
			"Name": "Emir",
			"CustomName": "",
			"Personality": {

				"Unknown000": 10,
				"Unknown001": 0,
				"Unknown002": 0,
				"Unknown003": 0,
				"Unknown004": 1,
				"Unknown005": 1,
				"CriticalPopularity": 4900,
				"LowestPopularity": 5000,
				"HighestPopularity": 9000,
				"TaxesMin": 2,
				"TaxesMax": 12,
				"Unknown011": 10,
				"Farm1": "WheatFarm",
				"Farm2": "AppleFarm",
				"Farm3": "WheatFarm",
				"Farm4": "HopFarm",
				"Farm5": "None",
				"Farm6": "None",
				"Farm7": "None",
				"Farm8": "None",
				"PopulationPerFarm": 4,
				"PopulationPerWoodcutter": 7,
				"PopulationPerQuarry": 6,
				"PopulationPerIronmine": 10,
				"PopulationPerPitchrig": 14,
				"MaxQuarries": 4,
				"MaxIronmines": 3,
				"MaxWoodcutters": 11,
				"MaxPitchrigs": 1,
				"MaxFarms": 15,
				"BuildInterval": 2,
				"ResourceRebuildDelay": 40,
				"MaxFood": 80,
				"MinimumApples": 10,
				"MinimumCheese": -1,
				"MinimumBread": 10,
				"MinimumWheat": 2,
				"MinimumHop": 2,
				"TradeAmountFood": 20,
				"TradeAmountEquipment": 3,
				"Unknown040": 12,
				"MinimumGoodsRequiredAfterTrade": 10,
				"DoubleRationsFoodThreshold": 40,
				"MaxWood": 60,
				"MaxStone": 60,
				"MaxResourceOther": 10,
				"MaxEquipment": 5,
				"MaxBeer": 10,
				"MaxResourceVariance": 4,
				"RecruitGoldThreshold": 200,
				"BlacksmithSetting": "Swords",
				"FletcherSetting": "Bows",
				"PoleturnerSetting": "Spears",
				"SellResource01": "None",
				"SellResource02": "None",
				"SellResource03": "None",
				"SellResource04": "None",
				"SellResource05": "None",
				"SellResource06": "None",
				"SellResource07": "None",
				"SellResource08": "None",
				"SellResource09": "Crossbows",
				"SellResource10": "Spears",
				"SellResource11": "Pikes",
				"SellResource12": "Maces",
				"SellResource13": "Swords",
				"SellResource14": "LeatherArmors",
				"SellResource15": "IronArmors",
				"DefWallPatrolRallyTime": 2,
				"DefWallPatrolGroups": 3,
				"DefSiegeEngineGoldThreshold": 100,
				"DefSiegeEngineBuildDelay": 4,
				"Unknown072": 200,
				"Unknown073": 20,
				"RecruitProbDefDefault": 40,
				"RecruitProbDefWeak": 80,
				"RecruitProbDefStrong": 20,
				"RecruitProbRaidDefault": 20,
				"RecruitProbRaidWeak": 10,
				"RecruitProbRaidStrong": 30,
				"RecruitProbAttackDefault": 40,
				"RecruitProbAttackWeak": 10,
				"RecruitProbAttackStrong": 50,
				"SortieUnitRangedMin": 6,
				"SortieUnitRanged": "ArabArcher",
				"SortieUnitMeleeMin": 9,
				"SortieUnitMelee": "ArabSwordsman",
				"DefDiggingUnitMax": 20,
				"DefDiggingUnit": "EuropArcher",
				"RecruitInterval": 1,
				"RecruitIntervalWeak": 1,
				"RecruitIntervalStrong": 1,
				"DefTotal": 110,
				"OuterPatrolGroupsCount": 1,
				"OuterPatrolGroupsMove": "True",
				"OuterPatrolRallyDelay": 2,
				"DefWalls": 110,
				"DefUnit1": "EuropArcher",
				"DefUnit2": "EuropArcher",
				"DefUnit3": "ArabArcher",
				"DefUnit4": "ArabArcher",
				"DefUnit5": "FireThrower",
				"DefUnit6": "None",
				"DefUnit7": "None",
				"DefUnit8": "None",
				"RaidUnitsBase": 30,
				"RaidUnitsRandom": 10,
				"RaidUnit1": "ArabSwordsman",
				"RaidUnit2": "ArabSwordsman",
				"RaidUnit3": "Slinger",
				"RaidUnit4": "None",
				"RaidUnit5": "None",
				"RaidUnit6": "None",
				"RaidUnit7": "None",
				"RaidUnit8": "None",
				"HarassingSiegeEngine1": "Catapult",
				"HarassingSiegeEngine2": "Catapult",
				"HarassingSiegeEngine3": "FireBallista",
				"HarassingSiegeEngine4": "None",
				"HarassingSiegeEngine5": "None",
				"HarassingSiegeEngine6": "None",
				"HarassingSiegeEngine7": "None",
				"HarassingSiegeEngine8": "None",
				"HarassingSiegeEnginesMax": 3,
				"Unknown124": 4,
				"AttForceBase": 60,
				"AttForceRandom": 10,
				"AttForceSupportAllyThreshold": 20,
				"AttForceRallyPercentage": 80,
				"Unknown129": 100,
				"Unknown130": 0,
				"AttUnitPatrolRecommandDelay": 5,
				"Unknown132": 80,
				"SiegeEngine1": "Catapult",
				"SiegeEngine2": "Catapult",
				"SiegeEngine3": "FireBallista",
				"SiegeEngine4": "Catapult",
				"SiegeEngine5": "FireBallista",
				"SiegeEngine6": "Catapult",
				"SiegeEngine7": "Shield",
				"SiegeEngine8": "Shield",
				"CowThrowInterval": 10000,
				"Unknown142": 0,
				"AttMaxEngineers": 15,
				"AttDiggingUnit": "EuropArcher",
				"AttDiggingUnitMax": 20,
				"AttUnit2": "EuropArcher",
				"AttUnit2Max": 20,
				"AttMaxAssassins": 3,
				"AttMaxLaddermen": 6,
				"AttMaxTunnelers": 0,
				"AttUnitPatrol": "HorseArcher",
				"AttUnitPatrolMax": 20,
				"AttUnitPatrolGroupsCount": 1,
				"AttUnitBackup": "ArabArcher",
				"AttUnitBackupMax": 80,
				"AttUnitBackupGroupsCount": 2,
				"AttUnitEngage": "HorseArcher",
				"AttUnitEngageMax": 30,
				"AttUnitSiegeDef": "ArabSwordsman",
				"AttUnitSiegeDefMax": 10,
				"AttUnitSiegeDefGroupsCount": 1,
				"AttUnitMain1": "ArabSwordsman",
				"AttUnitMain2": "None",
				"AttUnitMain3": "None",
				"AttUnitMain4": "None",
				"AttMaxDefault": 3000,
				"AttMainGroupsCount": 2,
				"TargetChoice": "Gold"
			}
		},
		
		{
			"Name": "Nizar",
			"CustomName": "",
			"Personality": {

				"Unknown000": 10,
				"Unknown001": 0,
				"Unknown002": 0,
				"Unknown003": 0,
				"Unknown004": 1,
				"Unknown005": 1,
				"CriticalPopularity": 4900,
				"LowestPopularity": 6000,
				"HighestPopularity": 9000,
				"TaxesMin": 2,
				"TaxesMax": 12,
				"Unknown011": 10,
				"Farm1": "WheatFarm",
				"Farm2": "WheatFarm",
				"Farm3": "WheatFarm",
				"Farm4": "HopFarm",
				"Farm5": "AppleFarm",
				"Farm6": "None",
				"Farm7": "None",
				"Farm8": "None",
				"PopulationPerFarm": 3,
				"PopulationPerWoodcutter": 7,
				"PopulationPerQuarry": 20,
				"PopulationPerIronmine": 10,
				"PopulationPerPitchrig": 15,
				"MaxQuarries": 2,
				"MaxIronmines": 3,
				"MaxWoodcutters": 12,
				"MaxPitchrigs": 1,
				"MaxFarms": 18,
				"BuildInterval": 1,
				"ResourceRebuildDelay": 20,
				"MaxFood": 100,
				"MinimumApples": 10,
				"MinimumCheese": -1,
				"MinimumBread": 10,
				"MinimumWheat": 5,
				"MinimumHop": 5,
				"TradeAmountFood": 10,
				"TradeAmountEquipment": 0,
				"Unknown040": 12,
				"MinimumGoodsRequiredAfterTrade": 30,
				"DoubleRationsFoodThreshold": 30,
				"MaxWood": 50,
				"MaxStone": 50,
				"MaxResourceOther": 10,
				"MaxEquipment": 5,
				"MaxBeer": 10,
				"MaxResourceVariance": 5,
				"RecruitGoldThreshold": 100,
				"BlacksmithSetting": "Swords",
				"FletcherSetting": "Crossbows",
				"PoleturnerSetting": "Pikes",
				"SellResource01": "None",
				"SellResource02": "None",
				"SellResource03": "Iron",
				"SellResource04": "None",
				"SellResource05": "None",
				"SellResource06": "None",
				"SellResource07": "None",
				"SellResource08": "Bows",
				"SellResource09": "Crossbows",
				"SellResource10": "Spears",
				"SellResource11": "Pikes",
				"SellResource12": "Maces",
				"SellResource13": "Swords",
				"SellResource14": "LeatherArmors",
				"SellResource15": "IronArmors",
				"DefWallPatrolRallyTime": 2,
				"DefWallPatrolGroups": 3,
				"DefSiegeEngineGoldThreshold": 100,
				"DefSiegeEngineBuildDelay": 4,
				"Unknown072": 200,
				"Unknown073": 20,
				"RecruitProbDefDefault": 50,
				"RecruitProbDefWeak": 80,
				"RecruitProbDefStrong": 20,
				"RecruitProbRaidDefault": 20,
				"RecruitProbRaidWeak": 0,
				"RecruitProbRaidStrong": 30,
				"RecruitProbAttackDefault": 30,
				"RecruitProbAttackWeak": 20,
				"RecruitProbAttackStrong": 50,
				"SortieUnitRangedMin": 6,
				"SortieUnitRanged": "ArabArcher",
				"SortieUnitMeleeMin": 6,
				"SortieUnitMelee": "Assassin",
				"DefDiggingUnitMax": 60,
				"DefDiggingUnit": "Slave",
				"RecruitInterval": 3,
				"RecruitIntervalWeak": 6,
				"RecruitIntervalStrong": 1,
				"DefTotal": 120,
				"OuterPatrolGroupsCount": 1,
				"OuterPatrolGroupsMove": "True",
				"OuterPatrolRallyDelay": 2,
				"DefWalls": 120,
				"DefUnit1": "ArabArcher",
				"DefUnit2": "None",
				"DefUnit3": "None",
				"DefUnit4": "None",
				"DefUnit5": "None",
				"DefUnit6": "None",
				"DefUnit7": "None",
				"DefUnit8": "None",
				"RaidUnitsBase": 10,
				"RaidUnitsRandom": 10,
				"RaidUnit1": "Assassin",
				"RaidUnit2": "None",
				"RaidUnit3": "None",
				"RaidUnit4": "None",
				"RaidUnit5": "None",
				"RaidUnit6": "None",
				"RaidUnit7": "None",
				"RaidUnit8": "None",
				"HarassingSiegeEngine1": "Catapult",
				"HarassingSiegeEngine2": "Catapult",
				"HarassingSiegeEngine3": "FireBallista",
				"HarassingSiegeEngine4": "None",
				"HarassingSiegeEngine5": "None",
				"HarassingSiegeEngine6": "None",
				"HarassingSiegeEngine7": "None",
				"HarassingSiegeEngine8": "None",
				"HarassingSiegeEnginesMax": 4,
				"Unknown124": 4,
				"AttForceBase": 50,
				"AttForceRandom": 3,
				"AttForceSupportAllyThreshold": 10,
				"AttForceRallyPercentage": 50,
				"Unknown129": 100,
				"Unknown130": 0,
				"AttUnitPatrolRecommandDelay": 5,
				"Unknown132": 50,
				"SiegeEngine1": "Catapult",
				"SiegeEngine2": "Shield",
				"SiegeEngine3": "Catapult",
				"SiegeEngine4": "FireBallista",
				"SiegeEngine5": "Shield",
				"SiegeEngine6": "SiegeTower",
				"SiegeEngine7": "FireBallista",
				"SiegeEngine8": "SiegeTower",
				"CowThrowInterval": 10000,
				"Unknown142": 0,
				"AttMaxEngineers": 15,
				"AttDiggingUnit": "Slave",
				"AttDiggingUnitMax": 40,
				"AttUnit2": "ArabArcher",
				"AttUnit2Max": 30,
				"AttMaxAssassins": 40,
				"AttMaxLaddermen": 10,
				"AttMaxTunnelers": 0,
				"AttUnitPatrol": "HorseArcher",
				"AttUnitPatrolMax": 30,
				"AttUnitPatrolGroupsCount": 2,
				"AttUnitBackup": "ArabSwordsman",
				"AttUnitBackupMax": 30,
				"AttUnitBackupGroupsCount": 1,
				"AttUnitEngage": "Assassin",
				"AttUnitEngageMax": 20,
				"AttUnitSiegeDef": "ArabSwordsman",
				"AttUnitSiegeDefMax": 10,
				"AttUnitSiegeDefGroupsCount": 1,
				"AttUnitMain1": "Assassin",
				"AttUnitMain2": "None",
				"AttUnitMain3": "None",
				"AttUnitMain4": "None",
				"AttMaxDefault": 3000,
				"AttMainGroupsCount": 3,
				"TargetChoice": "Closest"
			}
		},

		{
			"Name": "Sheriff",
			"CustomName": "",
			"Personality": {

				"Unknown000": 13,
				"Unknown001": 0,
				"Unknown002": 0,
				"Unknown003": 0,
				"Unknown004": 1,
				"Unknown005": 1,
				"CriticalPopularity": 4900,
				"LowestPopularity": 6000,
				"HighestPopularity": 9000,
				"TaxesMin": 3,
				"TaxesMax": 12,
				"Unknown011": 10,
				"Farm1": "AppleFarm",
				"Farm2": "HopFarm",
				"Farm3": "DairyFarm",
				"Farm4": "None",
				"Farm5": "None",
				"Farm6": "None",
				"Farm7": "None",
				"Farm8": "None",
				"PopulationPerFarm": 4,
				"PopulationPerWoodcutter": 7,
				"PopulationPerQuarry": 10,
				"PopulationPerIronmine": 12,
				"PopulationPerPitchrig": 15,
				"MaxQuarries": 4,
				"MaxIronmines": 6,
				"MaxWoodcutters": 14,
				"MaxPitchrigs": 4,
				"MaxFarms": 14,
				"BuildInterval": 3,
				"ResourceRebuildDelay": 8,
				"MaxFood": 300,
				"MinimumApples": 20,
				"MinimumCheese": 20,
				"MinimumBread": 10,
				"MinimumWheat": -1,
				"MinimumHop": 2,
				"TradeAmountFood": 10,
				"TradeAmountEquipment": 4,
				"Unknown040": 40,
				"MinimumGoodsRequiredAfterTrade": 40,
				"DoubleRationsFoodThreshold": 40,
				"MaxWood": 50,
				"MaxStone": 50,
				"MaxResourceOther": 10,
				"MaxEquipment": 10,
				"MaxBeer": 10,
				"MaxResourceVariance": 5,
				"RecruitGoldThreshold": 200,
				"BlacksmithSetting": "Maces",
				"FletcherSetting": "Crossbows",
				"PoleturnerSetting": "Pikes",
				"SellResource01": "None",
				"SellResource02": "None",
				"SellResource03": "None",
				"SellResource04": "None",
				"SellResource05": "Wheat",
				"SellResource06": "None",
				"SellResource07": "Flour",
				"SellResource08": "Bows",
				"SellResource09": "None",
				"SellResource10": "Spears",
				"SellResource11": "Pikes",
				"SellResource12": "None",
				"SellResource13": "Swords",
				"SellResource14": "None",
				"SellResource15": "IronArmors",
				"DefWallPatrolRallyTime": 8,
				"DefWallPatrolGroups": 2,
				"DefSiegeEngineGoldThreshold": 200,
				"DefSiegeEngineBuildDelay": 4,
				"Unknown072": 200,
				"Unknown073": 30,
				"RecruitProbDefDefault": 50,
				"RecruitProbDefWeak": 100,
				"RecruitProbDefStrong": 30,
				"RecruitProbRaidDefault": 30,
				"RecruitProbRaidWeak": 0,
				"RecruitProbRaidStrong": 50,
				"RecruitProbAttackDefault": 20,
				"RecruitProbAttackWeak": 0,
				"RecruitProbAttackStrong": 20,
				"SortieUnitRangedMin": 9,
				"SortieUnitRanged": "Crossbowman",
				"SortieUnitMeleeMin": 9,
				"SortieUnitMelee": "Maceman",
				"DefDiggingUnitMax": 5,
				"DefDiggingUnit": "Maceman",
				"RecruitInterval": 3,
				"RecruitIntervalWeak": 1,
				"RecruitIntervalStrong": 4,
				"DefTotal": 150,
				"OuterPatrolGroupsCount": 1,
				"OuterPatrolGroupsMove": "True",
				"OuterPatrolRallyDelay": 5,
				"DefWalls": 150,
				"DefUnit1": "Crossbowman",
				"DefUnit2": "Crossbowman",
				"DefUnit3": "Crossbowman",
				"DefUnit4": "Crossbowman",
				"DefUnit5": "FireThrower",
				"DefUnit6": "Assassin",
				"DefUnit7": "None",
				"DefUnit8": "None",
				"RaidUnitsBase": 15,
				"RaidUnitsRandom": 5,
				"RaidUnit1": "Maceman",
				"RaidUnit2": "None",
				"RaidUnit3": "None",
				"RaidUnit4": "None",
				"RaidUnit5": "None",
				"RaidUnit6": "None",
				"RaidUnit7": "None",
				"RaidUnit8": "None",
				"HarassingSiegeEngine1": "Catapult",
				"HarassingSiegeEngine2": "FireBallista",
				"HarassingSiegeEngine3": "None",
				"HarassingSiegeEngine4": "None",
				"HarassingSiegeEngine5": "None",
				"HarassingSiegeEngine6": "None",
				"HarassingSiegeEngine7": "None",
				"HarassingSiegeEngine8": "None",
				"HarassingSiegeEnginesMax": 5,
				"Unknown124": 4,
				"AttForceBase": 60,
				"AttForceRandom": 40,
				"AttForceSupportAllyThreshold": 50,
				"AttForceRallyPercentage": 80,
				"Unknown129": 100,
				"Unknown130": 5,
				"AttUnitPatrolRecommandDelay": 8,
				"Unknown132": 50,
				"SiegeEngine1": "Catapult",
				"SiegeEngine2": "Catapult",
				"SiegeEngine3": "FireBallista",
				"SiegeEngine4": "FireBallista",
				"SiegeEngine5": "FireBallista",
				"SiegeEngine6": "Catapult",
				"SiegeEngine7": "None",
				"SiegeEngine8": "None",
				"CowThrowInterval": 6,
				"Unknown142": 0,
				"AttMaxEngineers": 12,
				"AttDiggingUnit": "Slave",
				"AttDiggingUnitMax": 100,
				"AttUnit2": "Maceman",
				"AttUnit2Max": 20,
				"AttMaxAssassins": 10,
				"AttMaxLaddermen": 5,
				"AttMaxTunnelers": 0,
				"AttUnitPatrol": "Crossbowman",
				"AttUnitPatrolMax": 20,
				"AttUnitPatrolGroupsCount": 1,
				"AttUnitBackup": "Crossbowman",
				"AttUnitBackupMax": 50,
				"AttUnitBackupGroupsCount": 1,
				"AttUnitEngage": "Maceman",
				"AttUnitEngageMax": 30,
				"AttUnitSiegeDef": "ArabSwordsman",
				"AttUnitSiegeDefMax": 10,
				"AttUnitSiegeDefGroupsCount": 1,
				"AttUnitMain1": "Maceman",
				"AttUnitMain2": "Maceman",
				"AttUnitMain3": "Maceman",
				"AttUnitMain4": "ArabSwordsman",
				"AttMaxDefault": 3000,
				"AttMainGroupsCount": 3,
				"TargetChoice": "Closest"
			}
		},
		
		{
			"Name": "Marshal",
			"CustomName": "",
			"Personality": {

				"Unknown000": 13,
				"Unknown001": 0,
				"Unknown002": 0,
				"Unknown003": 0,
				"Unknown004": 1,
				"Unknown005": 1,
				"CriticalPopularity": 4900,
				"LowestPopularity": 5500,
				"HighestPopularity": 8500,
				"TaxesMin": 1,
				"TaxesMax": 11,
				"Unknown011": 10,
				"Farm1": "DairyFarm",
				"Farm2": "HopFarm",
				"Farm3": "AppleFarm",
				"Farm4": "DairyFarm",
				"Farm5": "AppleFarm",
				"Farm6": "DairyFarm",
				"Farm7": "None",
				"Farm8": "None",
				"PopulationPerFarm": 5,
				"PopulationPerWoodcutter": 7,
				"PopulationPerQuarry": 7,
				"PopulationPerIronmine": 7,
				"PopulationPerPitchrig": 12,
				"MaxQuarries": 2,
				"MaxIronmines": 4,
				"MaxWoodcutters": 10,
				"MaxPitchrigs": 1,
				"MaxFarms": 11,
				"BuildInterval": 3,
				"ResourceRebuildDelay": 40,
				"MaxFood": 100,
				"MinimumApples": 10,
				"MinimumCheese": 10,
				"MinimumBread": -1,
				"MinimumWheat": -1,
				"MinimumHop": 5,
				"TradeAmountFood": 20,
				"TradeAmountEquipment": 3,
				"Unknown040": 12,
				"MinimumGoodsRequiredAfterTrade": 0,
				"DoubleRationsFoodThreshold": 80,
				"MaxWood": 60,
				"MaxStone": 50,
				"MaxResourceOther": 10,
				"MaxEquipment": 10,
				"MaxBeer": 10,
				"MaxResourceVariance": 4,
				"RecruitGoldThreshold": 200,
				"BlacksmithSetting": "Swords",
				"FletcherSetting": "Bows",
				"PoleturnerSetting": "Pikes",
				"SellResource01": "None",
				"SellResource02": "None",
				"SellResource03": "None",
				"SellResource04": "Pitch",
				"SellResource05": "Wheat",
				"SellResource06": "None",
				"SellResource07": "Flour",
				"SellResource08": "None",
				"SellResource09": "Crossbows",
				"SellResource10": "Spears",
				"SellResource11": "None",
				"SellResource12": "Maces",
				"SellResource13": "None",
				"SellResource14": "LeatherArmors",
				"SellResource15": "None",
				"DefWallPatrolRallyTime": 4,
				"DefWallPatrolGroups": 4,
				"DefSiegeEngineGoldThreshold": 100,
				"DefSiegeEngineBuildDelay": 4,
				"Unknown072": 200,
				"Unknown073": 20,
				"RecruitProbDefDefault": 30,
				"RecruitProbDefWeak": 50,
				"RecruitProbDefStrong": 20,
				"RecruitProbRaidDefault": 40,
				"RecruitProbRaidWeak": 40,
				"RecruitProbRaidStrong": 30,
				"RecruitProbAttackDefault": 30,
				"RecruitProbAttackWeak": 10,
				"RecruitProbAttackStrong": 50,
				"SortieUnitRangedMin": 6,
				"SortieUnitRanged": "EuropArcher",
				"SortieUnitMeleeMin": 8,
				"SortieUnitMelee": "Knight",
				"DefDiggingUnitMax": 5,
				"DefDiggingUnit": "Pikeman",
				"RecruitInterval": 2,
				"RecruitIntervalWeak": 1,
				"RecruitIntervalStrong": 3,
				"DefTotal": 130,
				"OuterPatrolGroupsCount": 1,
				"OuterPatrolGroupsMove": "True",
				"OuterPatrolRallyDelay": 2,
				"DefWalls": 130,
				"DefUnit1": "EuropArcher",
				"DefUnit2": "None",
				"DefUnit3": "None",
				"DefUnit4": "None",
				"DefUnit5": "None",
				"DefUnit6": "None",
				"DefUnit7": "None",
				"DefUnit8": "None",
				"RaidUnitsBase": 8,
				"RaidUnitsRandom": 8,
				"RaidUnit1": "Knight",
				"RaidUnit2": "None",
				"RaidUnit3": "None",
				"RaidUnit4": "None",
				"RaidUnit5": "None",
				"RaidUnit6": "None",
				"RaidUnit7": "None",
				"RaidUnit8": "None",
				"HarassingSiegeEngine1": "Catapult",
				"HarassingSiegeEngine2": "None",
				"HarassingSiegeEngine3": "None",
				"HarassingSiegeEngine4": "None",
				"HarassingSiegeEngine5": "None",
				"HarassingSiegeEngine6": "None",
				"HarassingSiegeEngine7": "None",
				"HarassingSiegeEngine8": "None",
				"HarassingSiegeEnginesMax": 3,
				"Unknown124": 4,
				"AttForceBase": 50,
				"AttForceRandom": 10,
				"AttForceSupportAllyThreshold": 10,
				"AttForceRallyPercentage": 50,
				"Unknown129": 100,
				"Unknown130": 0,
				"AttUnitPatrolRecommandDelay": 5,
				"Unknown132": 70,
				"SiegeEngine1": "Trebuchet",
				"SiegeEngine2": "Catapult",
				"SiegeEngine3": "Catapult",
				"SiegeEngine4": "Trebuchet",
				"SiegeEngine5": "Catapult",
				"SiegeEngine6": "Catapult",
				"SiegeEngine7": "Shield",
				"SiegeEngine8": "Shield",
				"CowThrowInterval": 16,
				"Unknown142": 0,
				"AttMaxEngineers": 16,
				"AttDiggingUnit": "Pikeman",
				"AttDiggingUnitMax": 10,
				"AttUnit2": "EuropArcher",
				"AttUnit2Max": 20,
				"AttMaxAssassins": 0,
				"AttMaxLaddermen": 4,
				"AttMaxTunnelers": 0,
				"AttUnitPatrol": "EuropArcher",
				"AttUnitPatrolMax": 20,
				"AttUnitPatrolGroupsCount": 2,
				"AttUnitBackup": "EuropArcher",
				"AttUnitBackupMax": 30,
				"AttUnitBackupGroupsCount": 3,
				"AttUnitEngage": "Knight",
				"AttUnitEngageMax": 8,
				"AttUnitSiegeDef": "Swordsman",
				"AttUnitSiegeDefMax": 5,
				"AttUnitSiegeDefGroupsCount": 1,
				"AttUnitMain1": "Swordsman",
				"AttUnitMain2": "None",
				"AttUnitMain3": "None",
				"AttUnitMain4": "None",
				"AttMaxDefault": 3000,
				"AttMainGroupsCount": 2,
				"TargetChoice": "Balanced"
			}
		},

		{
			"Name": "Abbot",
			"CustomName": "",
			"Personality": {

				"Unknown000": 13,
				"Unknown001": 0,
				"Unknown002": 0,
				"Unknown003": 0,
				"Unknown004": 1,
				"Unknown005": 1,
				"CriticalPopularity": 4500,
				"LowestPopularity": 5000,
				"HighestPopularity": 9000,
				"TaxesMin": 3,
				"TaxesMax": 10,
				"Unknown011": 10,
				"Farm1": "HopFarm",
				"Farm2": "WheatFarm",
				"Farm3": "WheatFarm",
				"Farm4": "WheatFarm",
				"Farm5": "AppleFarm",
				"Farm6": "None",
				"Farm7": "None",
				"Farm8": "None",
				"PopulationPerFarm": 4,
				"PopulationPerWoodcutter": 7,
				"PopulationPerQuarry": 6,
				"PopulationPerIronmine": 10,
				"PopulationPerPitchrig": 1,
				"MaxQuarries": 4,
				"MaxIronmines": 2,
				"MaxWoodcutters": 10,
				"MaxPitchrigs": 1,
				"MaxFarms": 12,
				"BuildInterval": 3,
				"ResourceRebuildDelay": 40,
				"MaxFood": 100,
				"MinimumApples": 10,
				"MinimumCheese": 10,
				"MinimumBread": 10,
				"MinimumWheat": 5,
				"MinimumHop": 5,
				"TradeAmountFood": 5,
				"TradeAmountEquipment": 2,
				"Unknown040": 12,
				"MinimumGoodsRequiredAfterTrade": 10,
				"DoubleRationsFoodThreshold": 40,
				"MaxWood": 60,
				"MaxStone": 50,
				"MaxResourceOther": 10,
				"MaxEquipment": 5,
				"MaxBeer": 5,
				"MaxResourceVariance": 5,
				"RecruitGoldThreshold": 50,
				"BlacksmithSetting": "Swords",
				"FletcherSetting": "Bows",
				"PoleturnerSetting": "Spears",
				"SellResource01": "None",
				"SellResource02": "None",
				"SellResource03": "None",
				"SellResource04": "None",
				"SellResource05": "None",
				"SellResource06": "None",
				"SellResource07": "None",
				"SellResource08": "None",
				"SellResource09": "Crossbows",
				"SellResource10": "Spears",
				"SellResource11": "Pikes",
				"SellResource12": "Maces",
				"SellResource13": "None",
				"SellResource14": "LeatherArmors",
				"SellResource15": "None",
				"DefWallPatrolRallyTime": 2,
				"DefWallPatrolGroups": 3,
				"DefSiegeEngineGoldThreshold": 100,
				"DefSiegeEngineBuildDelay": 4,
				"Unknown072": 200,
				"Unknown073": 20,
				"RecruitProbDefDefault": 40,
				"RecruitProbDefWeak": 80,
				"RecruitProbDefStrong": 20,
				"RecruitProbRaidDefault": 20,
				"RecruitProbRaidWeak": 10,
				"RecruitProbRaidStrong": 30,
				"RecruitProbAttackDefault": 40,
				"RecruitProbAttackWeak": 10,
				"RecruitProbAttackStrong": 50,
				"SortieUnitRangedMin": 10,
				"SortieUnitRanged": "EuropArcher",
				"SortieUnitMeleeMin": 20,
				"SortieUnitMelee": "Monk",
				"DefDiggingUnitMax": 5,
				"DefDiggingUnit": "EuropArcher",
				"RecruitInterval": 2,
				"RecruitIntervalWeak": 3,
				"RecruitIntervalStrong": 1,
				"DefTotal": 140,
				"OuterPatrolGroupsCount": 1,
				"OuterPatrolGroupsMove": "True",
				"OuterPatrolRallyDelay": 2,
				"DefWalls": 140,
				"DefUnit1": "EuropArcher",
				"DefUnit2": "None",
				"DefUnit3": "None",
				"DefUnit4": "None",
				"DefUnit5": "None",
				"DefUnit6": "None",
				"DefUnit7": "None",
				"DefUnit8": "None",
				"RaidUnitsBase": 30,
				"RaidUnitsRandom": 10,
				"RaidUnit1": "Monk",
				"RaidUnit2": "None",
				"RaidUnit3": "None",
				"RaidUnit4": "None",
				"RaidUnit5": "None",
				"RaidUnit6": "None",
				"RaidUnit7": "None",
				"RaidUnit8": "None",
				"HarassingSiegeEngine1": "Catapult",
				"HarassingSiegeEngine2": "None",
				"HarassingSiegeEngine3": "None",
				"HarassingSiegeEngine4": "None",
				"HarassingSiegeEngine5": "None",
				"HarassingSiegeEngine6": "None",
				"HarassingSiegeEngine7": "None",
				"HarassingSiegeEngine8": "None",
				"HarassingSiegeEnginesMax": 5,
				"Unknown124": 4,
				"AttForceBase": 50,
				"AttForceRandom": 10,
				"AttForceSupportAllyThreshold": 40,
				"AttForceRallyPercentage": 80,
				"Unknown129": 100,
				"Unknown130": 0,
				"AttUnitPatrolRecommandDelay": 5,
				"Unknown132": 80,
				"SiegeEngine1": "Catapult",
				"SiegeEngine2": "Catapult",
				"SiegeEngine3": "Catapult",
				"SiegeEngine4": "Catapult",
				"SiegeEngine5": "Shield",
				"SiegeEngine6": "Shield",
				"SiegeEngine7": "Shield",
				"SiegeEngine8": "Shield",
				"CowThrowInterval": 10000,
				"Unknown142": 0,
				"AttMaxEngineers": 12,
				"AttDiggingUnit": "EuropArcher",
				"AttDiggingUnitMax": 20,
				"AttUnit2": "Monk",
				"AttUnit2Max": 30,
				"AttMaxAssassins": 0,
				"AttMaxLaddermen": 0,
				"AttMaxTunnelers": 0,
				"AttUnitPatrol": "EuropArcher",
				"AttUnitPatrolMax": 30,
				"AttUnitPatrolGroupsCount": 3,
				"AttUnitBackup": "EuropArcher",
				"AttUnitBackupMax": 40,
				"AttUnitBackupGroupsCount": 1,
				"AttUnitEngage": "Swordsman",
				"AttUnitEngageMax": 10,
				"AttUnitSiegeDef": "Swordsman",
				"AttUnitSiegeDefMax": 10,
				"AttUnitSiegeDefGroupsCount": 0,
				"AttUnitMain1": "Monk",
				"AttUnitMain2": "Monk",
				"AttUnitMain3": "Swordsman",
				"AttUnitMain4": "None",
				"AttMaxDefault": 3000,
				"AttMainGroupsCount": 2,
				"TargetChoice": "Balanced"
			}
		}
	]
}